actual_q_0,actual_q_1,actual_q_2,actual_q_3,actual_q_4,actual_q_5,actual_TCP_pose_0,actual_TCP_pose_1,actual_TCP_pose_2,actual_TCP_pose_3,actual_TCP_pose_4,actual_TCP_pose_5
-5.077452,-2.059386,-1.424866,0.570669,1.967330,6.199388,0.295849,0.552595,0.443030,-1.355425,-0.148928,-0.115959
-5.077440,-2.059434,-1.424878,0.570681,1.967366,6.199424,0.295845,0.552613,0.442995,-1.355472,-0.148931,-0.115880
-5.077440,-2.059398,-1.424866,0.570717,1.967390,6.199448,0.295838,0.552597,0.443024,-1.355393,-0.148954,-0.115869
-5.077428,-2.059398,-1.424890,0.570681,1.967318,6.199400,0.295838,0.552604,0.443013,-1.355446,-0.148920,-0.115930
-5.077428,-2.059374,-1.424866,0.570705,1.967366,6.199412,0.295830,0.552594,0.443039,-1.355379,-0.148969,-0.115909
-5.077440,-2.059409,-1.424830,0.570681,1.967342,6.199400,0.295845,0.552606,0.443030,-1.355402,-0.148943,-0.115938
-5.077464,-2.059350,-1.424878,0.570717,1.967366,6.199412,0.295847,0.552574,0.443049,-1.355360,-0.148950,-0.115947
-5.077428,-2.059398,-1.424878,0.570693,1.967390,6.199388,0.295832,0.552603,0.443018,-1.355423,-0.148994,-0.115898
-5.077440,-2.059386,-1.424890,0.570669,1.967354,6.199412,0.295841,0.552598,0.443019,-1.355448,-0.148934,-0.115906
-5.077440,-2.059398,-1.424818,0.570669,1.967354,6.199424,0.295843,0.552603,0.443042,-1.355392,-0.148940,-0.115914
-5.077428,-2.059398,-1.424866,0.570681,1.967354,6.199424,0.295835,0.552605,0.443023,-1.355425,-0.148940,-0.115893
-5.077452,-2.059386,-1.424854,0.570657,1.967354,6.199400,0.295848,0.552596,0.443034,-1.355426,-0.148940,-0.115933
-5.077452,-2.059386,-1.424818,0.570693,1.967318,6.199412,0.295850,0.552594,0.443051,-1.355359,-0.148918,-0.115969
-5.077464,-2.059398,-1.424854,0.570681,1.967330,6.199412,0.295857,0.552594,0.443028,-1.355416,-0.148906,-0.115953
-5.077452,-2.059409,-1.424878,0.570693,1.967330,6.199388,0.295851,0.552600,0.443011,-1.355437,-0.148925,-0.115956
-5.077452,-2.059398,-1.424842,0.570669,1.967378,6.199412,0.295847,0.552599,0.443032,-1.355415,-0.148955,-0.115910
-5.077464,-2.059434,-1.424854,0.570645,1.967342,6.199388,0.295862,0.552610,0.443003,-1.355483,-0.148915,-0.115944
-5.077452,-2.059422,-1.424854,0.570717,1.967354,6.199424,0.295850,0.552602,0.443015,-1.355405,-0.148929,-0.115920
-5.077452,-2.059362,-1.424866,0.570681,1.967366,6.199424,0.295843,0.552586,0.443045,-1.355393,-0.148942,-0.115916
-5.077440,-2.059422,-1.424890,0.570669,1.967342,6.199412,0.295846,0.552610,0.442997,-1.355482,-0.148916,-0.115903
-5.077440,-2.059398,-1.424902,0.570693,1.967366,6.199436,0.295840,0.552599,0.443008,-1.355450,-0.148928,-0.115877
-5.077428,-2.059422,-1.424830,0.570705,1.967378,6.199376,0.295836,0.552611,0.443024,-1.355388,-0.149001,-0.115927
-5.077440,-2.059434,-1.424866,0.570669,1.967342,6.199400,0.295848,0.552614,0.443000,-1.355470,-0.148927,-0.115917
-5.077452,-2.059422,-1.424854,0.570681,1.967366,6.199460,0.295851,0.552606,0.443013,-1.355441,-0.148906,-0.115871
-5.077440,-2.059409,-1.424866,0.570657,1.967342,6.199376,0.295845,0.552608,0.443014,-1.355457,-0.148946,-0.115941
-5.077428,-2.059446,-1.424902,0.570717,1.967330,6.199400,0.295842,0.552616,0.442979,-1.355470,-0.148925,-0.115915
-5.077476,-2.059398,-1.424830,0.570705,1.967354,6.199448,0.295861,0.552589,0.443039,-1.355374,-0.148904,-0.115931
-5.077452,-2.059398,-1.424890,0.570669,1.967378,6.199460,0.295847,0.552598,0.443012,-1.355463,-0.148911,-0.115856
-5.077440,-2.059422,-1.424854,0.570705,1.967366,6.199400,0.295843,0.552607,0.443014,-1.355414,-0.148961,-0.115918
-5.077428,-2.059409,-1.424878,0.570669,1.967330,6.199412,0.295839,0.552610,0.443010,-1.355459,-0.148919,-0.115908
-5.077464,-2.059409,-1.424878,0.570693,1.967354,6.199400,0.295856,0.552596,0.443011,-1.355438,-0.148929,-0.115940
-5.077428,-2.059434,-1.424878,0.570681,1.967342,6.199412,0.295841,0.552616,0.442995,-1.355470,-0.148927,-0.115897
-5.077452,-2.059386,-1.424854,0.570657,1.967366,6.199376,0.295846,0.552592,0.443052,-1.355382,-0.148935,-0.115927
-5.077464,-2.059434,-1.424854,0.570705,1.967354,6.199424,0.295859,0.552604,0.443006,-1.355429,-0.148915,-0.115923
-5.077452,-2.059398,-1.424818,0.570657,1.967354,6.199412,0.295850,0.552601,0.443042,-1.355404,-0.148937,-0.115930
-5.077464,-2.059386,-1.424830,0.570657,1.967342,6.199424,0.295856,0.552593,0.443044,-1.355406,-0.148910,-0.115939
-5.077440,-2.059434,-1.424854,0.570693,1.967354,6.199424,0.295846,0.552612,0.443006,-1.355438,-0.148929,-0.115899
-5.077464,-2.059409,-1.424842,0.570717,1.967366,6.199436,0.295855,0.552595,0.443027,-1.355383,-0.148928,-0.115919
-5.077464,-2.059374,-1.424878,0.570681,1.967354,6.199388,0.295852,0.552586,0.443032,-1.355415,-0.148942,-0.115957
-5.077404,-2.059409,-1.424866,0.570693,1.967378,6.199436,0.295821,0.552615,0.443016,-1.355423,-0.148968,-0.115846
-5.077452,-2.059409,-1.424890,0.570681,1.967354,6.199412,0.295850,0.552601,0.443005,-1.355460,-0.148924,-0.115912
-5.077428,-2.059434,-1.424878,0.570693,1.967354,6.199412,0.295839,0.552615,0.442996,-1.355459,-0.148940,-0.115892
-5.077428,-2.059422,-1.424842,0.570693,1.967330,6.199424,0.295840,0.552612,0.443018,-1.355414,-0.148922,-0.115913
-5.077428,-2.059409,-1.424854,0.570657,1.967366,6.199412,0.295837,0.552611,0.443019,-1.355447,-0.148952,-0.115888
-5.077428,-2.059398,-1.424902,0.570717,1.967342,6.199424,0.295835,0.552600,0.443009,-1.355425,-0.148930,-0.115901
-5.077464,-2.059434,-1.424878,0.570681,1.967366,6.199400,0.295859,0.552606,0.442995,-1.355473,-0.148930,-0.115921
-5.077428,-2.059446,-1.424878,0.570717,1.967330,6.199388,0.295842,0.552617,0.442989,-1.355447,-0.148938,-0.115932
-5.077428,-2.059398,-1.424842,0.570669,1.967342,6.199412,0.295837,0.552606,0.443032,-1.355413,-0.148940,-0.115915
-5.077416,-2.059446,-1.424866,0.570693,1.967354,6.199460,0.295834,0.552623,0.442993,-1.355461,-0.148915,-0.115841
-5.077440,-2.059386,-1.424866,0.570693,1.967378,6.199400,0.295838,0.552596,0.443031,-1.355402,-0.148974,-0.115914
-5.077428,-2.059409,-1.424854,0.570681,1.967330,6.199376,0.295839,0.552609,0.443021,-1.355422,-0.148952,-0.115949
-5.077428,-2.059386,-1.424854,0.570705,1.967342,6.199400,0.295834,0.552599,0.443036,-1.355378,-0.148957,-0.115935
-5.077488,-2.059422,-1.424854,0.570693,1.967378,6.199400,0.295869,0.552594,0.443013,-1.355429,-0.148935,-0.115947
-5.077416,-2.059434,-1.424878,0.570681,1.967342,6.199436,0.295834,0.552620,0.442995,-1.355471,-0.148918,-0.115866
-5.077428,-2.059422,-1.424866,0.570669,1.967354,6.199376,0.295839,0.552614,0.443007,-1.355456,-0.148964,-0.115922
-5.077440,-2.059386,-1.424830,0.570693,1.967354,6.199364,0.295840,0.552597,0.443046,-1.355366,-0.148986,-0.115971
-5.077428,-2.059409,-1.424842,0.570717,1.967330,6.199376,0.295838,0.552606,0.443027,-1.355377,-0.148963,-0.115964
-5.077440,-2.059386,-1.424854,0.570669,1.967366,6.199436,0.295840,0.552599,0.443034,-1.355415,-0.148936,-0.115888
-5.077464,-2.059434,-1.424878,0.570717,1.967378,6.199424,0.295857,0.552602,0.442997,-1.355440,-0.148933,-0.115903
-5.077464,-2.059409,-1.424878,0.570693,1.967342,6.199448,0.295857,0.552596,0.443011,-1.355441,-0.148886,-0.115907
-5.077464,-2.059409,-1.424866,0.570681,1.967378,6.199400,0.295855,0.552598,0.443015,-1.355438,-0.148949,-0.115924
-5.077452,-2.059422,-1.424842,0.570681,1.967390,6.199436,0.295849,0.552606,0.443017,-1.355428,-0.148945,-0.115878
-5.077440,-2.059398,-1.424866,0.570681,1.967366,6.199400,0.295841,0.552601,0.443023,-1.355424,-0.148958,-0.115915
-5.077476,-2.059398,-1.424842,0.570705,1.967330,6.199436,0.295863,0.552589,0.443034,-1.355385,-0.148890,-0.115954
-5.077428,-2.059422,-1.424830,0.570693,1.967366,6.199448,0.295837,0.552612,0.443023,-1.355404,-0.148939,-0.115871
-5.077428,-2.059398,-1.424842,0.570657,1.967342,6.199376,0.295837,0.552608,0.443032,-1.355422,-0.148962,-0.115941
-5.077416,-2.059386,-1.424830,0.570705,1.967378,6.199412,0.295825,0.552603,0.443046,-1.355355,-0.148993,-0.115898
-5.077476,-2.059422,-1.424866,0.570717,1.967378,6.199436,0.295862,0.552595,0.443009,-1.355419,-0.148922,-0.115910
-5.077404,-2.059409,-1.424878,0.570681,1.967366,6.199424,0.295822,0.552615,0.443010,-1.355446,-0.148960,-0.115857
-5.077452,-2.059409,-1.424854,0.570693,1.967378,6.199400,0.295848,0.552601,0.443021,-1.355414,-0.148963,-0.115920
-5.077452,-2.059446,-1.424878,0.570693,1.967342,6.199400,0.295855,0.552612,0.442988,-1.355472,-0.148918,-0.115927
-5.077452,-2.059446,-1.424842,0.570681,1.967366,6.199388,0.295854,0.552614,0.443002,-1.355448,-0.148952,-0.115928
-5.077452,-2.059446,-1.424842,0.570681,1.967366,6.199388,0.295854,0.552614,0.443002,-1.355448,-0.148952,-0.115928
-5.077428,-2.059409,-1.424866,0.570681,1.967342,6.199424,0.295838,0.552609,0.443015,-1.355436,-0.148927,-0.115898
-5.077476,-2.059374,-1.424866,0.570681,1.967378,6.199412,0.295857,0.552583,0.443037,-1.355406,-0.148941,-0.115934
-5.077440,-2.059398,-1.424842,0.570693,1.967366,6.199412,0.295841,0.552600,0.443033,-1.355391,-0.148958,-0.115916
-5.077464,-2.059398,-1.424890,0.570681,1.967366,6.199424,0.295854,0.552593,0.443013,-1.355451,-0.148920,-0.115908
-5.077452,-2.059398,-1.424854,0.570681,1.967354,6.199388,0.295849,0.552598,0.443028,-1.355414,-0.148951,-0.115947
-5.077452,-2.059422,-1.424842,0.570681,1.967318,6.199400,0.295855,0.552606,0.443018,-1.355426,-0.148909,-0.115957
-5.077440,-2.059422,-1.424842,0.570681,1.967366,6.199424,0.295844,0.552610,0.443018,-1.355426,-0.148942,-0.115895
-5.077404,-2.059374,-1.424842,0.570681,1.967366,6.199412,0.295818,0.552604,0.443047,-1.355377,-0.148985,-0.115889
-5.077440,-2.059409,-1.424854,0.570681,1.967354,6.199424,0.295844,0.552605,0.443020,-1.355426,-0.148932,-0.115903
-5.077452,-2.059398,-1.424890,0.570657,1.967378,6.199424,0.295847,0.552600,0.443011,-1.355472,-0.148933,-0.115882
-5.077452,-2.059398,-1.424854,0.570669,1.967330,6.199376,0.295851,0.552599,0.443027,-1.355424,-0.148936,-0.115969
-5.077440,-2.059422,-1.424842,0.570657,1.967342,6.199424,0.295847,0.552612,0.443016,-1.355449,-0.148916,-0.115904
-5.077452,-2.059398,-1.424878,0.570681,1.967390,6.199412,0.295846,0.552597,0.443017,-1.355438,-0.148959,-0.115895
-5.077464,-2.059422,-1.424890,0.570693,1.967318,6.199400,0.295861,0.552600,0.442998,-1.355461,-0.148893,-0.115957
-5.077452,-2.059409,-1.424854,0.570681,1.967390,6.199424,0.295847,0.552602,0.443020,-1.355427,-0.148954,-0.115889
-5.077440,-2.059422,-1.424842,0.570705,1.967366,6.199400,0.295843,0.552607,0.443019,-1.355402,-0.148963,-0.115922
-5.077416,-2.059398,-1.424842,0.570717,1.967378,6.199400,0.295826,0.552605,0.443034,-1.355366,-0.148998,-0.115904
-5.077428,-2.059398,-1.424878,0.570681,1.967354,6.199388,0.295835,0.552604,0.443017,-1.355434,-0.148961,-0.115919
-5.077464,-2.059398,-1.424818,0.570717,1.967354,6.199376,0.295854,0.552591,0.443045,-1.355346,-0.148967,-0.115988
-5.077452,-2.059422,-1.424866,0.570669,1.967366,6.199388,0.295851,0.552607,0.443007,-1.355459,-0.148950,-0.115924
-5.077440,-2.059409,-1.424890,0.570681,1.967342,6.199388,0.295844,0.552605,0.443005,-1.355458,-0.148938,-0.115931
-5.077452,-2.059434,-1.424878,0.570693,1.967354,6.199400,0.295853,0.552608,0.442996,-1.355460,-0.148931,-0.115922
-5.077464,-2.059409,-1.424878,0.570669,1.967354,6.199388,0.295857,0.552599,0.443009,-1.355460,-0.148931,-0.115943
-5.077452,-2.059422,-1.424878,0.570681,1.967378,6.199400,0.295850,0.552605,0.443002,-1.355460,-0.148952,-0.115906
-5.077428,-2.059398,-1.424878,0.570681,1.967378,6.199400,0.295833,0.552604,0.443017,-1.355435,-0.148973,-0.115893
-5.077428,-2.059409,-1.424866,0.570669,1.967354,6.199400,0.295837,0.552610,0.443015,-1.355446,-0.148950,-0.115906
-5.077440,-2.059434,-1.424890,0.570693,1.967354,6.199376,0.295846,0.552611,0.442991,-1.355469,-0.148953,-0.115929
-5.077452,-2.059409,-1.424830,0.570681,1.967354,6.199424,0.295850,0.552602,0.443030,-1.355404,-0.148929,-0.115920
-5.077452,-2.059398,-1.424830,0.570705,1.967330,6.199376,0.295850,0.552596,0.443039,-1.355368,-0.148950,-0.115987
-5.077464,-2.059446,-1.424866,0.570669,1.967306,6.199376,0.295866,0.552611,0.442992,-1.355483,-0.148893,-0.115978
-5.077416,-2.059386,-1.424902,0.570681,1.967378,6.199388,0.295825,0.552604,0.443015,-1.355444,-0.148987,-0.115889
-5.077428,-2.059434,-1.424866,0.570705,1.967342,6.199412,0.295840,0.552614,0.443002,-1.355436,-0.148935,-0.115907
-5.077440,-2.059409,-1.424854,0.570693,1.967330,6.199412,0.295845,0.552604,0.443021,-1.355414,-0.148922,-0.115933
-5.077440,-2.059409,-1.424866,0.570693,1.967366,6.199376,0.295842,0.552604,0.443016,-1.355423,-0.148974,-0.115935
-5.077440,-2.059409,-1.424878,0.570705,1.967354,6.199388,0.295842,0.552602,0.443011,-1.355424,-0.148956,-0.115933
-5.077452,-2.059422,-1.424878,0.570705,1.967366,6.199400,0.295850,0.552603,0.443004,-1.355438,-0.148947,-0.115921
-5.077452,-2.059422,-1.424878,0.570729,1.967354,6.199400,0.295850,0.552601,0.443005,-1.355415,-0.148943,-0.115936
-5.077452,-2.059386,-1.424854,0.570705,1.967390,6.199388,0.295843,0.552591,0.443036,-1.355379,-0.148989,-0.115933
-5.077464,-2.059398,-1.424878,0.570669,1.967342,6.199400,0.295857,0.552595,0.443017,-1.355450,-0.148916,-0.115944
-5.077464,-2.059409,-1.424830,0.570681,1.967354,6.199400,0.295857,0.552599,0.443030,-1.355404,-0.148937,-0.115951
-5.077416,-2.059386,-1.424854,0.570705,1.967354,6.199424,0.295826,0.552602,0.443036,-1.355379,-0.148959,-0.115897
-5.077428,-2.059422,-1.424878,0.570693,1.967354,6.199400,0.295838,0.552611,0.443003,-1.355447,-0.148950,-0.115905
-5.077464,-2.059422,-1.424842,0.570705,1.967378,6.199364,0.295856,0.552600,0.443019,-1.355402,-0.148981,-0.115964
-5.077440,-2.059409,-1.424878,0.570681,1.967330,6.199412,0.295845,0.552605,0.443010,-1.355448,-0.148914,-0.115922
-5.077464,-2.059362,-1.424866,0.570681,1.967366,6.199412,0.295850,0.552582,0.443045,-1.355393,-0.148942,-0.115936
-5.077452,-2.059446,-1.424854,0.570693,1.967378,6.199412,0.295852,0.552613,0.442998,-1.355450,-0.148946,-0.115899
-5.077464,-2.059398,-1.424878,0.570681,1.967342,6.199388,0.295856,0.552594,0.443018,-1.355438,-0.148927,-0.115958
-5.077440,-2.059398,-1.424842,0.570669,1.967366,6.199436,0.295842,0.552603,0.443032,-1.355415,-0.148936,-0.115888
-5.077404,-2.059409,-1.424854,0.570657,1.967378,6.199412,0.295823,0.552618,0.443019,-1.355445,-0.148979,-0.115859
-5.077440,-2.059422,-1.424890,0.570681,1.967402,6.199376,0.295841,0.552609,0.442997,-1.355468,-0.148993,-0.115896
-5.077440,-2.059398,-1.424878,0.570669,1.967390,6.199424,0.295839,0.552602,0.443017,-1.355449,-0.148956,-0.115871
-5.077428,-2.059409,-1.424830,0.570693,1.967354,6.199388,0.295837,0.552608,0.443031,-1.355389,-0.148972,-0.115934
-5.077452,-2.059398,-1.424866,0.570729,1.967354,6.199436,0.295847,0.552593,0.443025,-1.355382,-0.148926,-0.115917
-5.077440,-2.059398,-1.424818,0.570693,1.967390,6.199400,0.295839,0.552601,0.443043,-1.355368,-0.148992,-0.115916
-5.077440,-2.059422,-1.424878,0.570681,1.967342,6.199400,0.295846,0.552609,0.443002,-1.355459,-0.148929,-0.115920
-5.077428,-2.059398,-1.424866,0.570693,1.967342,6.199424,0.295836,0.552604,0.443023,-1.355414,-0.148933,-0.115905
-5.077416,-2.059398,-1.424878,0.570669,1.967366,6.199424,0.295828,0.552609,0.443017,-1.355447,-0.148952,-0.115868
-5.077428,-2.059398,-1.424830,0.570705,1.967354,6.199388,0.295835,0.552603,0.443039,-1.355366,-0.148978,-0.115941
-5.077428,-2.059398,-1.424842,0.570681,1.967378,6.199376,0.295834,0.552605,0.443033,-1.355399,-0.148998,-0.115924
-5.077440,-2.059422,-1.424842,0.570693,1.967378,6.199388,0.295843,0.552608,0.443018,-1.355413,-0.148979,-0.115920
-5.077416,-2.059398,-1.424866,0.570681,1.967378,6.199436,0.295827,0.552608,0.443023,-1.355424,-0.148960,-0.115856
-5.077428,-2.059386,-1.424842,0.570705,1.967342,6.199436,0.295834,0.552599,0.443042,-1.355369,-0.148935,-0.115908
-5.077452,-2.059422,-1.424830,0.570705,1.967366,6.199412,0.295850,0.552604,0.443024,-1.355393,-0.148950,-0.115925
-5.077440,-2.059386,-1.424842,0.570681,1.967354,6.199436,0.295841,0.552598,0.443040,-1.355393,-0.148932,-0.115903
-5.077464,-2.059422,-1.424866,0.570693,1.967402,6.199388,0.295854,0.552601,0.443008,-1.355437,-0.148977,-0.115917
-5.077452,-2.059409,-1.424938,0.570705,1.967342,6.199412,0.295850,0.552598,0.442986,-1.355483,-0.148908,-0.115913
-5.077440,-2.059409,-1.424902,0.570693,1.967366,6.199376,0.295842,0.552603,0.443001,-1.355457,-0.148966,-0.115924
-5.077452,-2.059409,-1.424842,0.570693,1.967378,6.199388,0.295848,0.552601,0.443026,-1.355402,-0.148974,-0.115934
-5.077440,-2.059422,-1.424866,0.570657,1.967330,6.199400,0.295848,0.552612,0.443006,-1.355471,-0.148916,-0.115925
-5.077452,-2.059409,-1.424902,0.570645,1.967342,6.199400,0.295852,0.552605,0.442998,-1.355505,-0.148910,-0.115916
-5.077416,-2.059422,-1.424854,0.570681,1.967330,6.199376,0.295834,0.552617,0.443013,-1.355433,-0.148957,-0.115936
-5.077452,-2.059362,-1.424854,0.570657,1.967366,6.199400,0.295844,0.552589,0.443049,-1.355403,-0.148955,-0.115932
-5.077464,-2.059422,-1.424854,0.570669,1.967354,6.199412,0.295859,0.552603,0.443012,-1.355450,-0.148918,-0.115926
-5.077428,-2.059374,-1.424842,0.570693,1.967402,6.199400,0.295828,0.552596,0.443048,-1.355367,-0.149010,-0.115898
-5.077464,-2.059409,-1.424842,0.570729,1.967366,6.199400,0.295854,0.552593,0.443028,-1.355370,-0.148955,-0.115953
-5.077476,-2.059409,-1.424902,0.570729,1.967354,6.199400,0.295861,0.552589,0.443003,-1.355428,-0.148924,-0.115953
-5.077440,-2.059422,-1.424794,0.570705,1.967330,6.199412,0.295847,0.552608,0.443039,-1.355358,-0.148936,-0.115951
-5.077464,-2.059446,-1.424866,0.570681,1.967378,6.199424,0.295860,0.552610,0.442992,-1.355474,-0.148924,-0.115893
-5.077416,-2.059398,-1.424878,0.570681,1.967354,6.199412,0.295829,0.552608,0.443017,-1.355435,-0.148953,-0.115889
-5.077428,-2.059386,-1.424842,0.570705,1.967330,6.199376,0.295835,0.552599,0.443042,-1.355366,-0.148966,-0.115967
-5.077464,-2.059409,-1.424902,0.570693,1.967378,6.199412,0.295854,0.552596,0.443000,-1.355461,-0.148935,-0.115906
-5.077452,-2.059398,-1.424854,0.570705,1.967354,6.199400,0.295848,0.552595,0.443029,-1.355392,-0.148948,-0.115944
-5.077428,-2.059386,-1.424854,0.570693,1.967378,6.199412,0.295831,0.552600,0.443036,-1.355390,-0.148976,-0.115897
-5.077476,-2.059422,-1.424890,0.570681,1.967342,6.199376,0.295866,0.552598,0.442998,-1.355472,-0.148918,-0.115967
-5.077452,-2.059398,-1.424866,0.570705,1.967342,6.199364,0.295849,0.552595,0.443024,-1.355401,-0.148960,-0.115978
-5.077452,-2.059409,-1.424878,0.570681,1.967366,6.199376,0.295849,0.552601,0.443010,-1.355447,-0.148960,-0.115938
-5.077452,-2.059398,-1.424890,0.570693,1.967390,6.199412,0.295845,0.552596,0.443013,-1.355437,-0.148959,-0.115895
-5.077428,-2.059434,-1.424866,0.570741,1.967354,6.199388,0.295838,0.552611,0.443003,-1.355400,-0.148970,-0.115930
-5.077428,-2.059386,-1.424842,0.570693,1.967354,6.199388,0.295834,0.552600,0.443041,-1.355378,-0.148975,-0.115937
-5.077464,-2.059398,-1.424830,0.570645,1.967330,6.199412,0.295859,0.552598,0.443036,-1.355428,-0.148903,-0.115950
-5.077440,-2.059374,-1.424854,0.570681,1.967366,6.199376,0.295838,0.552594,0.443042,-1.355389,-0.148982,-0.115946
-5.077428,-2.059409,-1.424866,0.570693,1.967342,6.199400,0.295844,0.552603,0.443027,-1.355422,-0.148962,-0.115961
-5.077464,-2.059422,-1.424866,0.570681,1.967378,6.199400,0.295857,0.552602,0.443007,-1.355449,-0.148946,-0.115920
-5.077464,-2.059409,-1.424830,0.570705,1.967414,6.199388,0.295851,0.552596,0.443031,-1.355380,-0.149001,-0.115927
-5.077416,-2.059398,-1.424806,0.570669,1.967390,6.199400,0.295827,0.552611,0.443047,-1.355377,-0.149005,-0.115893
-5.077428,-2.059409,-1.424854,0.570693,1.967366,6.199364,0.295835,0.552608,0.443021,-1.355410,-0.148993,-0.115938
-5.077416,-2.059409,-1.424854,0.570693,1.967354,6.199388,0.295830,0.552611,0.443021,-1.355410,-0.148975,-0.115916
-5.077476,-2.059446,-1.424842,0.570693,1.967378,6.199376,0.295866,0.552606,0.443003,-1.355438,-0.148957,-0.115953
-5.077476,-2.059386,-1.424866,0.570681,1.967366,6.199400,0.295859,0.552587,0.443030,-1.355416,-0.148936,-0.115949
-5.077452,-2.059422,-1.424866,0.570693,1.967342,6.199388,0.295852,0.552604,0.443008,-1.355437,-0.148935,-0.115948
-5.077440,-2.059422,-1.424842,0.570693,1.967366,6.199400,0.295844,0.552608,0.443018,-1.355414,-0.148961,-0.115918
-5.077464,-2.059422,-1.424902,0.570669,1.967378,6.199388,0.295857,0.552602,0.442991,-1.355494,-0.148943,-0.115916
-5.077440,-2.059386,-1.424854,0.570717,1.967390,6.199424,0.295836,0.552594,0.443037,-1.355369,-0.148976,-0.115896
-5.077476,-2.059398,-1.424866,0.570717,1.967366,6.199448,0.295860,0.552587,0.443024,-1.355397,-0.148909,-0.115916
-5.077452,-2.059422,-1.424854,0.570705,1.967342,6.199412,0.295852,0.552604,0.443014,-1.355416,-0.148924,-0.115935
-5.077452,-2.059398,-1.424854,0.570717,1.967390,6.199412,0.295844,0.552594,0.443029,-1.355381,-0.148973,-0.115913
-5.077440,-2.059422,-1.424854,0.570681,1.967390,6.199412,0.295842,0.552609,0.443012,-1.355437,-0.148967,-0.115885
-5.077428,-2.059409,-1.424854,0.570693,1.967366,6.199376,0.295835,0.552608,0.443021,-1.355411,-0.148985,-0.115928
-5.077464,-2.059398,-1.424878,0.570669,1.967330,6.199388,0.295858,0.552595,0.443017,-1.355449,-0.148914,-0.115963
-5.077440,-2.059398,-1.424830,0.570657,1.967366,6.199400,0.295842,0.552604,0.443036,-1.355413,-0.148960,-0.115919
-5.077464,-2.059409,-1.424890,0.570693,1.967366,6.199376,0.295855,0.552596,0.443006,-1.355448,-0.148952,-0.115948
-5.077428,-2.059434,-1.424842,0.570693,1.967390,6.199400,0.295837,0.552616,0.443011,-1.355424,-0.148986,-0.115888
-5.077428,-2.059398,-1.424854,0.570729,1.967366,6.199388,0.295833,0.552600,0.443030,-1.355366,-0.148988,-0.115933
-5.077428,-2.059398,-1.424866,0.570705,1.967354,6.199400,0.295834,0.552602,0.443024,-1.355401,-0.148962,-0.115920
-5.077464,-2.059422,-1.424878,0.570693,1.967366,6.199376,0.295857,0.552601,0.443003,-1.355449,-0.148952,-0.115948
-5.077416,-2.059422,-1.424830,0.570681,1.967354,6.199424,0.295832,0.552617,0.443023,-1.355413,-0.148951,-0.115886
-5.077452,-2.059398,-1.424818,0.570693,1.967354,6.199400,0.295848,0.552597,0.443043,-1.355369,-0.148954,-0.115951
-5.077476,-2.059374,-1.424866,0.570681,1.967378,6.199412,0.295857,0.552583,0.443037,-1.355406,-0.148941,-0.115934
-5.077476,-2.059422,-1.424854,0.570681,1.967366,6.199352,0.295864,0.552599,0.443013,-1.355436,-0.148963,-0.115982
-5.077440,-2.059386,-1.424866,0.570717,1.967366,6.199424,0.295838,0.552594,0.443032,-1.355381,-0.148953,-0.115909
-5.077428,-2.059422,-1.424830,0.570657,1.967342,6.199400,0.295841,0.552616,0.443022,-1.355436,-0.148943,-0.115917
-5.077452,-2.059386,-1.424854,0.570681,1.967354,6.199364,0.295847,0.552594,0.443035,-1.355401,-0.148970,-0.115970
-5.077428,-2.059422,-1.424842,0.570681,1.967366,6.199412,0.295838,0.552613,0.443018,-1.355425,-0.148958,-0.115895
-5.077440,-2.059409,-1.424866,0.570681,1.967354,6.199376,0.295843,0.552605,0.443015,-1.355434,-0.148961,-0.115940
-5.077440,-2.059434,-1.424902,0.570705,1.967366,6.199400,0.295844,0.552610,0.442986,-1.355470,-0.148947,-0.115900
-5.077428,-2.059434,-1.424818,0.570693,1.967354,6.199400,0.295840,0.552616,0.443021,-1.355401,-0.148961,-0.115920
-5.077428,-2.059386,-1.424830,0.570669,1.967366,6.199376,0.295834,0.552603,0.443044,-1.355388,-0.148990,-0.115936
-5.077452,-2.059446,-1.424854,0.570705,1.967390,6.199436,0.295851,0.552611,0.442998,-1.355440,-0.148943,-0.115874
-5.077440,-2.059434,-1.424854,0.570705,1.967354,6.199376,0.295846,0.552611,0.443006,-1.355424,-0.148964,-0.115943
-5.077452,-2.059409,-1.424842,0.570693,1.967354,6.199364,0.295850,0.552601,0.443026,-1.355401,-0.148970,-0.115970
-5.077476,-2.059398,-1.424854,0.570717,1.967354,6.199400,0.295861,0.552587,0.443030,-1.355382,-0.148935,-0.115968
-5.077464,-2.059409,-1.424866,0.570693,1.967330,6.199376,0.295858,0.552597,0.443016,-1.355425,-0.148928,-0.115980
-5.077452,-2.059374,-1.424866,0.570669,1.967342,6.199424,0.295847,0.552591,0.443037,-1.355416,-0.148916,-0.115925
-5.077440,-2.059386,-1.424890,0.570657,1.967354,6.199388,0.295841,0.552599,0.443019,-1.355458,-0.148948,-0.115922
-5.077416,-2.059398,-1.424842,0.570681,1.967342,6.199400,0.295830,0.552609,0.443033,-1.355400,-0.148959,-0.115918
-5.077428,-2.059434,-1.424878,0.570693,1.967366,6.199412,0.295838,0.552615,0.442995,-1.355459,-0.148950,-0.115884
-5.077428,-2.059386,-1.424866,0.570681,1.967354,6.199412,0.295834,0.552601,0.443030,-1.355413,-0.148951,-0.115906
-5.077452,-2.059422,-1.424854,0.570681,1.967378,6.199388,0.295850,0.552606,0.443012,-1.355436,-0.148965,-0.115923
-5.077440,-2.059398,-1.424854,0.570681,1.967318,6.199424,0.295845,0.552601,0.443028,-1.355415,-0.148904,-0.115931
-5.077440,-2.059422,-1.424866,0.570693,1.967366,6.199388,0.295844,0.552608,0.443008,-1.355435,-0.148963,-0.115921
-5.077452,-2.059398,-1.424854,0.570693,1.967342,6.199412,0.295849,0.552597,0.443028,-1.355404,-0.148927,-0.115938
-5.077428,-2.059409,-1.424878,0.570681,1.967354,6.199412,0.295837,0.552608,0.443010,-1.355447,-0.148942,-0.115896
-5.077416,-2.059398,-1.424890,0.570669,1.967342,6.199412,0.295830,0.552609,0.443012,-1.355457,-0.148938,-0.115890
-5.077452,-2.059398,-1.424866,0.570693,1.967378,6.199412,0.295846,0.552596,0.443023,-1.355415,-0.148955,-0.115910
-5.077428,-2.059409,-1.424902,0.570705,1.967342,6.199400,0.295837,0.552606,0.443001,-1.355447,-0.148940,-0.115914
-5.077416,-2.059422,-1.424866,0.570693,1.967378,6.199412,0.295829,0.552615,0.443008,-1.355435,-0.148973,-0.115873
-5.077452,-2.059422,-1.424854,0.570681,1.967366,6.199388,0.295851,0.552606,0.443013,-1.355436,-0.148955,-0.115931
-5.077452,-2.059422,-1.424890,0.570717,1.967330,6.199388,0.295852,0.552602,0.443000,-1.355437,-0.148925,-0.115956
-5.077428,-2.059362,-1.424854,0.570669,1.967342,6.199400,0.295832,0.552594,0.443049,-1.355390,-0.148954,-0.115932
-5.077404,-2.059458,-1.424878,0.570681,1.967366,6.199388,0.295829,0.552632,0.442980,-1.355490,-0.148974,-0.115873
-5.077440,-2.059386,-1.424830,0.570669,1.967378,6.199400,0.295839,0.552599,0.443044,-1.355391,-0.148976,-0.115917
-5.077428,-2.059398,-1.424830,0.570681,1.967366,6.199388,0.295835,0.552605,0.443038,-1.355389,-0.148982,-0.115926
-5.077428,-2.059398,-1.424890,0.570705,1.967354,6.199400,0.295834,0.552602,0.443014,-1.355423,-0.148956,-0.115913
-5.077428,-2.059422,-1.424902,0.570681,1.967354,6.199412,0.295838,0.552612,0.442992,-1.355481,-0.148934,-0.115885
-5.077452,-2.059422,-1.424878,0.570669,1.967318,6.199400,0.295855,0.552607,0.443002,-1.355472,-0.148898,-0.115943
-5.077416,-2.059398,-1.424854,0.570705,1.967390,6.199400,0.295825,0.552606,0.443029,-1.355388,-0.149003,-0.115889
-5.077440,-2.059446,-1.424842,0.570681,1.967342,6.199436,0.295849,0.552618,0.443003,-1.355450,-0.148907,-0.115893
-5.077440,-2.059458,-1.424866,0.570669,1.967378,6.199388,0.295848,0.552622,0.442984,-1.355492,-0.148959,-0.115895
-5.077452,-2.059398,-1.424830,0.570705,1.967378,6.199412,0.295846,0.552596,0.443039,-1.355370,-0.148966,-0.115925
-5.077464,-2.059446,-1.424818,0.570681,1.967366,6.199388,0.295861,0.552611,0.443012,-1.355427,-0.148949,-0.115945
-5.077488,-2.059398,-1.424902,0.570705,1.967342,6.199376,0.295868,0.552584,0.443009,-1.355439,-0.148919,-0.115988
-5.077416,-2.059422,-1.424890,0.570681,1.967366,6.199400,0.295831,0.552616,0.442997,-1.355468,-0.148963,-0.115880
-5.077440,-2.059386,-1.424842,0.570681,1.967354,6.199376,0.295841,0.552598,0.443040,-1.355389,-0.148972,-0.115954
-5.077440,-2.059434,-1.424854,0.570693,1.967342,6.199400,0.295847,0.552612,0.443006,-1.355436,-0.148935,-0.115928
-5.077452,-2.059422,-1.424866,0.570693,1.967378,6.199412,0.295849,0.552604,0.443008,-1.355438,-0.148949,-0.115903
-5.077452,-2.059409,-1.424890,0.570681,1.967366,6.199376,0.295849,0.552601,0.443005,-1.355458,-0.148958,-0.115934
-5.077428,-2.059422,-1.424878,0.570681,1.967354,6.199400,0.295838,0.552613,0.443002,-1.355458,-0.148948,-0.115902
-5.077464,-2.059398,-1.424854,0.570717,1.967390,6.199400,0.295851,0.552590,0.443029,-1.355381,-0.148973,-0.115933
-5.077452,-2.059398,-1.424866,0.570693,1.967414,6.199400,0.295843,0.552596,0.443023,-1.355414,-0.148993,-0.115896
-5.077476,-2.059398,-1.424902,0.570717,1.967366,6.199376,0.295859,0.552586,0.443009,-1.355426,-0.148950,-0.115965
-5.077452,-2.059422,-1.424818,0.570681,1.967342,6.199376,0.295853,0.552607,0.443028,-1.355402,-0.148951,-0.115968
-5.077488,-2.059422,-1.424830,0.570681,1.967354,6.199376,0.295872,0.552596,0.443023,-1.355417,-0.148934,-0.115987
-5.077464,-2.059409,-1.424866,0.570669,1.967330,6.199400,0.295859,0.552599,0.443015,-1.355449,-0.148906,-0.115953
-5.077464,-2.059409,-1.424866,0.570681,1.967378,6.199400,0.295855,0.552598,0.443015,-1.355438,-0.148949,-0.115924
-5.077440,-2.059446,-1.424902,0.570717,1.967330,6.199388,0.295848,0.552613,0.442979,-1.355470,-0.148925,-0.115935
-5.077464,-2.059470,-1.424926,0.570705,1.967330,6.199412,0.295865,0.552614,0.442954,-1.355530,-0.148878,-0.115917
-5.077428,-2.059470,-1.424890,0.570705,1.967342,6.199376,0.295844,0.552626,0.442969,-1.355491,-0.148946,-0.115919
-5.077452,-2.059482,-1.424854,0.570669,1.967366,6.199376,0.295859,0.552627,0.442975,-1.355504,-0.148947,-0.115920
-5.077488,-2.059458,-1.424914,0.570669,1.967366,6.199400,0.295875,0.552607,0.442964,-1.355543,-0.148897,-0.115919
-5.077512,-2.059482,-1.424914,0.570681,1.967354,6.199400,0.295892,0.552607,0.442950,-1.355556,-0.148869,-0.115944
-5.077548,-2.059494,-1.424866,0.570705,1.967378,6.199388,0.295911,0.552598,0.442964,-1.355502,-0.148886,-0.115986
-5.077596,-2.059518,-1.424938,0.570693,1.967390,6.199400,0.295940,0.552592,0.442918,-1.355608,-0.148831,-0.115976
-5.077644,-2.059578,-1.424890,0.570681,1.967366,6.199376,0.295976,0.552600,0.442900,-1.355634,-0.148789,-0.116045
-5.077632,-2.059674,-1.424962,0.570669,1.967342,6.199376,0.295984,0.552635,0.442810,-1.355804,-0.148736,-0.115998
-5.077512,-2.059818,-1.425130,0.570681,1.967402,6.199388,0.295929,0.552713,0.442650,-1.356077,-0.148790,-0.115756
-5.077320,-2.059890,-1.425393,0.570681,1.967342,6.199424,0.295835,0.552788,0.442494,-1.356380,-0.148768,-0.115505
-5.077128,-2.059878,-1.425633,0.570669,1.967318,6.199376,0.295621,0.552896,0.442300,-1.356808,-0.148937,-0.115084
-5.076661,-2.059902,-1.426089,0.570669,1.967366,6.199400,0.295465,0.552974,0.442192,-1.357000,-0.149086,-0.114740
-5.075809,-2.059938,-1.426784,0.570693,1.967402,6.199388,0.294989,0.553220,0.441878,-1.357594,-0.149539,-0.113798
-5.074454,-2.059926,-1.427779,0.570657,1.967366,6.199364,0.294233,0.553598,0.441463,-1.358437,-0.150210,-0.112400
-5.072535,-2.059950,-1.429002,0.570681,1.967342,6.199400,0.293164,0.554140,0.440934,-1.359427,-0.151188,-0.110410
-5.070172,-2.059914,-1.430297,0.570657,1.967378,6.199424,0.291836,0.554793,0.440409,-1.360432,-0.152513,-0.108000
-5.067617,-2.059938,-1.431663,0.570681,1.967366,6.199412,0.290409,0.555511,0.439819,-1.361498,-0.153937,-0.105468
-5.064991,-2.059950,-1.432970,0.570669,1.967330,6.199388,0.288942,0.556246,0.439260,-1.362521,-0.155409,-0.102914
-5.062412,-2.059986,-1.434325,0.570681,1.967390,6.199400,0.287494,0.556967,0.438666,-1.363595,-0.156897,-0.100292
-5.059749,-2.060034,-1.435727,0.570657,1.967378,6.199400,0.286005,0.557715,0.438044,-1.364752,-0.158371,-0.097632
-5.056811,-2.060034,-1.437142,0.570681,1.967354,6.199388,0.284353,0.558515,0.437449,-1.365802,-0.160054,-0.094785
-5.053681,-2.060058,-1.438640,0.570681,1.967330,6.199412,0.282594,0.559371,0.436802,-1.366962,-0.161817,-0.091711
-5.050286,-2.060106,-1.440079,0.570669,1.967378,6.199412,0.280682,0.560306,0.436165,-1.368070,-0.163846,-0.088396
-5.046544,-2.060046,-1.441613,0.570681,1.967378,6.199364,0.278561,0.561290,0.435556,-1.369108,-0.166117,-0.084875
-5.042514,-2.060094,-1.443268,0.570645,1.967402,6.199424,0.276286,0.562381,0.434826,-1.370386,-0.168477,-0.080928
-5.038173,-2.060046,-1.445007,0.570681,1.967342,6.199400,0.273823,0.563507,0.434126,-1.371549,-0.171062,-0.076876
-5.033423,-2.059998,-1.446972,0.570657,1.967366,6.199376,0.271117,0.564730,0.433326,-1.372940,-0.173941,-0.072345
-5.028410,-2.060022,-1.449226,0.570681,1.967330,6.199412,0.268265,0.566020,0.432363,-1.374606,-0.176854,-0.067499
-5.023144,-2.060070,-1.451636,0.570669,1.967354,6.199388,0.265260,0.567366,0.431317,-1.376444,-0.179996,-0.062392
-5.020386,-2.060046,-1.452918,0.570669,1.967390,6.199400,0.263675,0.568047,0.430791,-1.377373,-0.181656,-0.059693
-5.011834,-2.060046,-1.457138,0.570681,1.967330,6.199376,0.258768,0.570141,0.429015,-1.380539,-0.186659,-0.051415
-5.008872,-2.060022,-1.458637,0.570693,1.967354,6.199376,0.257058,0.570844,0.428400,-1.381637,-0.188430,-0.048511
-5.002815,-2.060046,-1.461729,0.570657,1.967354,6.199412,0.253566,0.572293,0.427081,-1.384039,-0.191964,-0.042539
-4.996614,-2.060034,-1.464895,0.570681,1.967354,6.199400,0.249976,0.573732,0.425758,-1.386395,-0.195653,-0.036500
-4.990222,-2.060058,-1.468096,0.570645,1.967366,6.199388,0.246270,0.575208,0.424394,-1.388853,-0.199475,-0.030266
-4.983745,-2.060022,-1.471416,0.570633,1.967390,6.199400,0.242498,0.576650,0.423019,-1.391331,-0.203360,-0.023932
-4.977112,-2.060034,-1.474714,0.570633,1.967378,6.199364,0.238633,0.578115,0.421626,-1.393797,-0.207373,-0.017538
-4.970408,-2.060010,-1.478070,0.570633,1.967378,6.199352,0.234712,0.579552,0.420230,-1.396273,-0.211444,-0.011061
-4.963620,-2.060022,-1.481343,0.570633,1.967390,6.199412,0.230735,0.580993,0.418848,-1.398696,-0.215562,-0.004469
-4.956711,-2.059998,-1.484532,0.570657,1.967354,6.199412,0.226680,0.582420,0.417525,-1.400958,-0.219809,0.002090
-4.949803,-2.059986,-1.487613,0.570657,1.967354,6.199400,0.222615,0.583826,0.416239,-1.403140,-0.224126,0.008635
-4.942691,-2.060010,-1.490478,0.570621,1.967378,6.199412,0.218425,0.585269,0.415019,-1.405155,-0.228631,0.015335
-4.935410,-2.060010,-1.492947,0.570681,1.967426,6.199364,0.214125,0.586716,0.413986,-1.406639,-0.233420,0.021993
-4.928010,-2.059986,-1.495045,0.570645,1.967318,6.199388,0.209762,0.588177,0.413120,-1.407829,-0.238177,0.028609
-4.920502,-2.059998,-1.496820,0.570681,1.967366,6.199364,0.205317,0.589645,0.412370,-1.408634,-0.243243,0.035281
-4.912922,-2.059998,-1.498055,0.570669,1.967366,6.199376,0.200829,0.591122,0.411852,-1.408942,-0.248384,0.041867
-4.905259,-2.060010,-1.498738,0.570633,1.967318,6.199388,0.196291,0.592617,0.411556,-1.408733,-0.253629,0.048346
-4.897655,-2.060046,-1.498738,0.570645,1.967426,6.199388,0.191773,0.594101,0.411533,-1.407821,-0.259077,0.054688
-4.889943,-2.059962,-1.498666,0.570645,1.967378,6.199424,0.187185,0.595540,0.411616,-1.406723,-0.264472,0.060990
-4.886092,-2.059974,-1.498642,0.570669,1.967366,6.199400,0.184892,0.596259,0.411620,-1.406204,-0.267197,0.064122
-4.878405,-2.059986,-1.498570,0.570669,1.967330,6.199376,0.180307,0.597671,0.411643,-1.405170,-0.272608,0.070389
-4.870969,-2.060022,-1.498582,0.570621,1.967378,6.199400,0.175856,0.599010,0.411612,-1.404306,-0.277853,0.076588
-4.863665,-2.059998,-1.498486,0.570657,1.967342,6.199376,0.171478,0.600273,0.411670,-1.403201,-0.283002,0.082515
-4.856624,-2.059962,-1.498379,0.570669,1.967390,6.199376,0.167243,0.601457,0.411738,-1.402113,-0.288014,0.088304
-4.849920,-2.059998,-1.498271,0.570657,1.967342,6.199376,0.163214,0.602584,0.411760,-1.401160,-0.292696,0.093773
-4.843539,-2.059986,-1.498030,0.570669,1.967342,6.199412,0.159366,0.603621,0.411869,-1.400042,-0.297188,0.098988
-4.837699,-2.059986,-1.497743,0.570657,1.967342,6.199400,0.155840,0.604558,0.411989,-1.398970,-0.301332,0.103717
-4.832146,-2.060010,-1.497431,0.570645,1.967342,6.199424,0.152484,0.605439,0.412104,-1.397935,-0.305245,0.108240
-4.827061,-2.059974,-1.497048,0.570669,1.967354,6.199436,0.149403,0.606212,0.412289,-1.396791,-0.308866,0.112335
-4.822443,-2.059986,-1.496604,0.570657,1.967366,6.199412,0.146604,0.606923,0.412466,-1.395724,-0.312177,0.116022
-4.818389,-2.060010,-1.496125,0.570657,1.967330,6.199400,0.144149,0.607546,0.412653,-1.394704,-0.315047,0.119213
-4.814959,-2.059986,-1.495453,0.570693,1.967390,6.199412,0.142062,0.608059,0.412951,-1.393494,-0.317570,0.121911
-4.812081,-2.060022,-1.494614,0.570681,1.967318,6.199352,0.140323,0.608523,0.413280,-1.392304,-0.319651,0.123990
-4.810929,-2.059998,-1.494158,0.570657,1.967354,6.199424,0.139621,0.608701,0.413485,-1.391701,-0.320484,0.124912
-4.809071,-2.060034,-1.492959,0.570693,1.967378,6.199388,0.138494,0.609027,0.413967,-1.390253,-0.321954,0.126140
-4.807835,-2.060070,-1.491593,0.570669,1.967342,6.199388,0.137753,0.609282,0.414517,-1.388802,-0.322923,0.126817
-4.807440,-2.060070,-1.489903,0.570681,1.967306,6.199388,0.137523,0.609419,0.415227,-1.387089,-0.323346,0.126705
-4.807535,-2.060130,-1.487852,0.570717,1.967390,6.199412,0.137586,0.609520,0.416052,-1.385121,-0.323541,0.126215
-4.807955,-2.060094,-1.485371,0.570681,1.967342,6.199400,0.137856,0.609574,0.417114,-1.382765,-0.323474,0.125225
-4.808651,-2.060142,-1.482362,0.570681,1.967390,6.199376,0.138292,0.609632,0.418348,-1.379971,-0.323353,0.123947
-4.809562,-2.060154,-1.478849,0.570717,1.967390,6.199376,0.138864,0.609665,0.419818,-1.376655,-0.323088,0.122337
-4.810749,-2.060214,-1.474701,0.570705,1.967366,6.199412,0.139611,0.609703,0.421524,-1.372863,-0.322646,0.120380
-4.812165,-2.060346,-1.470038,0.570693,1.967354,6.199424,0.140499,0.609745,0.423402,-1.368668,-0.322124,0.118113
-4.813592,-2.060466,-1.464823,0.570681,1.967378,6.199388,0.141394,0.609792,0.425520,-1.363912,-0.321718,0.115682
-4.814347,-2.060478,-1.462029,0.570681,1.967342,6.199352,0.141869,0.609797,0.426688,-1.361308,-0.321487,0.114325
-4.815859,-2.060610,-1.455796,0.570693,1.967342,6.199412,0.142819,0.609852,0.429231,-1.355581,-0.321055,0.111633
-4.817574,-2.060742,-1.449106,0.570705,1.967366,6.199376,0.143893,0.609874,0.431967,-1.349420,-0.320624,0.108595
-4.819289,-2.060790,-1.441865,0.570705,1.967378,6.199424,0.144964,0.609865,0.434988,-1.342668,-0.320201,0.105463
-4.821184,-2.060874,-1.434205,0.570729,1.967330,6.199412,0.146151,0.609829,0.438168,-1.335542,-0.319698,0.101987
-4.823222,-2.060958,-1.426112,0.570753,1.967354,6.199400,0.147419,0.609753,0.441530,-1.328010,-0.319214,0.098329
-4.825310,-2.061102,-1.417506,0.570717,1.967342,6.199376,0.148720,0.609680,0.445071,-1.320103,-0.318729,0.094495
-4.827540,-2.061234,-1.408550,0.570717,1.967366,6.199376,0.150103,0.609548,0.448769,-1.311833,-0.318217,0.090483
-4.829999,-2.061378,-1.399475,0.570705,1.967342,6.199388,0.151625,0.609354,0.452512,-1.303511,-0.317532,0.086226
-4.832602,-2.061534,-1.390281,0.570681,1.967342,6.199412,0.153230,0.609107,0.456297,-1.295119,-0.316792,0.081844
-4.835108,-2.061691,-1.381073,0.570705,1.967378,6.199448,0.154769,0.608830,0.460091,-1.286654,-0.316159,0.077556
-4.837339,-2.061691,-1.372094,0.570753,1.967378,6.199400,0.156130,0.608498,0.463887,-1.278186,-0.315737,0.073413
-4.839174,-2.061631,-1.363308,0.570741,1.967366,6.199376,0.157245,0.608177,0.467637,-1.269850,-0.315533,0.069661
-4.840601,-2.061631,-1.354496,0.570729,1.967378,6.199376,0.158107,0.607907,0.471359,-1.261491,-0.315599,0.066298
-4.841669,-2.061666,-1.345901,0.570693,1.967342,6.199412,0.158753,0.607680,0.474966,-1.253356,-0.315803,0.063309
-4.842412,-2.061631,-1.337606,0.570741,1.967366,6.199376,0.159188,0.607440,0.478494,-1.245298,-0.316294,0.060610
-4.842652,-2.061654,-1.333482,0.570741,1.967378,6.199388,0.159326,0.607349,0.480220,-1.241340,-0.316594,0.059421
-4.842880,-2.061666,-1.325270,0.570741,1.967378,6.199400,0.159448,0.607173,0.483680,-1.233386,-0.317334,0.057235
-4.843036,-2.061642,-1.317251,0.570729,1.967342,6.199376,0.159524,0.606973,0.487079,-1.225582,-0.318087,0.055100
-4.843024,-2.061654,-1.309470,0.570705,1.967366,6.199376,0.159492,0.606793,0.490352,-1.218030,-0.318946,0.053241
-4.843060,-2.061642,-1.301870,0.570705,1.967342,6.199352,0.159489,0.606575,0.493564,-1.210614,-0.319730,0.051324
-4.843060,-2.061678,-1.294510,0.570729,1.967342,6.199400,0.159462,0.606361,0.496645,-1.203458,-0.320481,0.049582
-4.843036,-2.061631,-1.287533,0.570753,1.967390,6.199388,0.159411,0.606108,0.499613,-1.196577,-0.321289,0.047913
-4.843024,-2.061594,-1.280976,0.570741,1.967366,6.199400,0.159374,0.605858,0.502396,-1.190161,-0.321960,0.046325
-4.842964,-2.061570,-1.274850,0.570753,1.967390,6.199412,0.159304,0.605616,0.504987,-1.184144,-0.322654,0.044911
-4.842916,-2.061582,-1.269300,0.570741,1.967342,6.199376,0.159250,0.605401,0.507314,-1.178743,-0.323237,0.043557
-4.842880,-2.061547,-1.264409,0.570741,1.967354,6.199376,0.159198,0.605178,0.509391,-1.173932,-0.323780,0.042406
-4.842820,-2.061498,-1.260105,0.570729,1.967342,6.199388,0.159135,0.604972,0.511228,-1.169692,-0.324246,0.041415
-4.842712,-2.061522,-1.256485,0.570705,1.967342,6.199376,0.159049,0.604831,0.512733,-1.166188,-0.324684,0.040637
-4.842628,-2.061486,-1.253609,0.570729,1.967390,6.199388,0.158974,0.604686,0.513963,-1.163308,-0.325070,0.040042
-4.842616,-2.061378,-1.251559,0.570776,1.967366,6.199388,0.158949,0.604535,0.514891,-1.161157,-0.325282,0.039508
-4.842664,-2.061366,-1.250779,0.570753,1.967378,6.199436,0.158972,0.604486,0.515225,-1.160423,-0.325315,0.039330
-4.842724,-2.061366,-1.249521,0.570729,1.967354,6.199388,0.159002,0.604416,0.515752,-1.159221,-0.325413,0.038923
-4.842724,-2.061378,-1.249641,0.570753,1.967366,6.199412,0.159003,0.604424,0.515695,-1.159330,-0.325399,0.038978
-4.842688,-2.061378,-1.249688,0.570753,1.967366,6.199388,0.158981,0.604432,0.515675,-1.159367,-0.325429,0.039000
-4.842712,-2.061462,-1.249749,0.570705,1.967354,6.199436,0.159002,0.604473,0.515596,-1.159567,-0.325357,0.039060
-4.842724,-2.061415,-1.249737,0.570717,1.967366,6.199388,0.159006,0.604448,0.515631,-1.159490,-0.325395,0.038997
-4.842712,-2.061343,-1.249725,0.570741,1.967366,6.199412,0.158994,0.604416,0.515682,-1.159387,-0.325400,0.039003
-4.842736,-2.061403,-1.249749,0.570741,1.967390,6.199376,0.159010,0.604439,0.515634,-1.159465,-0.325419,0.038985
-4.842712,-2.061462,-1.249737,0.570717,1.967366,6.199400,0.159001,0.604470,0.515602,-1.159536,-0.325390,0.039029
-4.842712,-2.061415,-1.249737,0.570717,1.967366,6.199364,0.158999,0.604450,0.515631,-1.159484,-0.325416,0.038987
-4.842712,-2.061366,-1.249725,0.570729,1.967330,6.199376,0.158998,0.604429,0.515667,-1.159418,-0.325385,0.038959
-4.842724,-2.061438,-1.249749,0.570753,1.967366,6.199364,0.159007,0.604455,0.515613,-1.159486,-0.325409,0.038976
-4.842712,-2.061450,-1.249772,0.570717,1.967366,6.199400,0.159001,0.604467,0.515594,-1.159560,-0.325388,0.039035
-4.842736,-2.061426,-1.249760,0.570741,1.967426,6.199400,0.159009,0.604449,0.515614,-1.159501,-0.325433,0.039035
-4.842724,-2.061378,-1.249725,0.570764,1.967366,6.199412,0.159003,0.604427,0.515660,-1.159400,-0.325392,0.038995
-4.842736,-2.061415,-1.249737,0.570729,1.967366,6.199388,0.159013,0.604445,0.515632,-1.159480,-0.325390,0.038984
-4.842724,-2.061390,-1.249725,0.570776,1.967342,6.199436,0.159005,0.604431,0.515654,-1.159406,-0.325356,0.039002
-4.842736,-2.061450,-1.249737,0.570717,1.967354,6.199436,0.159016,0.604462,0.515609,-1.159535,-0.325346,0.039030
-4.842712,-2.061426,-1.249725,0.570741,1.967378,6.199400,0.158998,0.604452,0.515629,-1.159466,-0.325408,0.039019
-4.842700,-2.061415,-1.249785,0.570717,1.967390,6.199424,0.158990,0.604454,0.515611,-1.159537,-0.325405,0.039075
-4.842736,-2.061403,-1.249725,0.570729,1.967366,6.199388,0.159012,0.604439,0.515644,-1.159457,-0.325392,0.038978
-4.842700,-2.061438,-1.249749,0.570741,1.967402,6.199376,0.158990,0.604459,0.515612,-1.159493,-0.325447,0.039032
-4.842700,-2.061426,-1.249725,0.570753,1.967378,6.199412,0.158990,0.604452,0.515630,-1.159454,-0.325410,0.039037
-4.842712,-2.061438,-1.249760,0.570753,1.967354,6.199424,0.159000,0.604458,0.515608,-1.159507,-0.325370,0.039035
-4.842712,-2.061426,-1.249772,0.570729,1.967366,6.199400,0.158999,0.604456,0.515609,-1.159525,-0.325392,0.039027
-4.842736,-2.061426,-1.249749,0.570753,1.967378,6.199400,0.159012,0.604448,0.515620,-1.159481,-0.325393,0.039001
-4.842700,-2.061415,-1.249760,0.570753,1.967354,6.199400,0.158992,0.604449,0.515623,-1.159477,-0.325393,0.039019
-4.842700,-2.061426,-1.249749,0.570741,1.967354,6.199400,0.158993,0.604455,0.515620,-1.159489,-0.325392,0.039021
-4.842736,-2.061462,-1.249785,0.570705,1.967342,6.199400,0.159018,0.604471,0.515581,-1.159601,-0.325349,0.039009
-4.842724,-2.061390,-1.249737,0.570741,1.967342,6.199400,0.159006,0.604436,0.515647,-1.159446,-0.325372,0.038982
-4.842724,-2.061450,-1.249725,0.570729,1.967354,6.199424,0.159008,0.604462,0.515615,-1.159508,-0.325363,0.039024
-4.842736,-2.061426,-1.249725,0.570717,1.967402,6.199412,0.159011,0.604450,0.515628,-1.159493,-0.325406,0.039029
-4.842724,-2.061474,-1.249749,0.570753,1.967390,6.199400,0.159007,0.604469,0.515590,-1.159525,-0.325406,0.039030
-4.842736,-2.061415,-1.249749,0.570753,1.967402,6.199400,0.159010,0.604442,0.515627,-1.159468,-0.325416,0.039013
-4.842760,-2.061462,-1.249749,0.570705,1.967354,6.199388,0.159031,0.604465,0.515596,-1.159566,-0.325357,0.038976
-4.842784,-2.061438,-1.249712,0.570741,1.967342,6.199400,0.159045,0.604445,0.515628,-1.159479,-0.325335,0.038935
-4.842712,-2.061474,-1.249712,0.570741,1.967366,6.199400,0.159001,0.604471,0.515605,-1.159501,-0.325394,0.039021
-4.842736,-2.061559,-1.249712,0.570717,1.967390,6.199412,0.159019,0.604506,0.515552,-1.159611,-0.325383,0.039050
-4.842784,-2.061594,-1.249725,0.570764,1.967390,6.199376,0.159049,0.604508,0.515526,-1.159613,-0.325376,0.038977
-4.842712,-2.061786,-1.249760,0.570753,1.967354,6.199376,0.159020,0.604605,0.515392,-1.159838,-0.325362,0.039076
-4.842712,-2.062063,-1.249772,0.570717,1.967354,6.199400,0.159036,0.604726,0.515215,-1.160158,-0.325315,0.039175
-4.842736,-2.062254,-1.249725,0.570729,1.967378,6.199376,0.159059,0.604799,0.515116,-1.160285,-0.325322,0.039179
-4.842676,-2.062783,-1.249701,0.570764,1.967366,6.199376,0.159052,0.605026,0.514799,-1.160734,-0.325298,0.039336
-4.842736,-2.063587,-1.249725,0.570717,1.967342,6.199412,0.159136,0.605363,0.514289,-1.161606,-0.325131,0.039511
-4.842652,-2.064703,-1.249688,0.570741,1.967402,6.199412,0.159142,0.605840,0.513611,-1.162619,-0.325124,0.039873
-4.842676,-2.066240,-1.249712,0.570741,1.967342,6.199364,0.159247,0.606484,0.512647,-1.164142,-0.324924,0.040149
-4.842724,-2.068220,-1.249760,0.570753,1.967354,6.199364,0.159385,0.607307,0.511395,-1.166116,-0.324698,0.040598
-4.842664,-2.070873,-1.249688,0.570789,1.967342,6.199436,0.159495,0.608417,0.509773,-1.168603,-0.324418,0.041317
-4.842616,-2.074174,-1.249725,0.570764,1.967402,6.199376,0.159643,0.609801,0.507696,-1.171860,-0.324185,0.042148
-4.842604,-2.078135,-1.249749,0.570764,1.967354,6.199400,0.159857,0.611442,0.505207,-1.175753,-0.323721,0.043108
-4.842640,-2.082660,-1.249772,0.570753,1.967366,6.199388,0.160124,0.613298,0.502356,-1.180206,-0.323242,0.044169
-4.842652,-2.087810,-1.249725,0.570753,1.967354,6.199400,0.160410,0.615395,0.499133,-1.185188,-0.322683,0.045389
-4.842628,-2.090583,-1.249737,0.570776,1.967354,6.199388,0.160544,0.616520,0.497378,-1.187875,-0.322415,0.046064
-4.842592,-2.096513,-1.249737,0.570705,1.967378,6.199424,0.160837,0.618921,0.493621,-1.193727,-0.321804,0.047585
-4.842556,-2.103127,-1.249701,0.570729,1.967366,6.199400,0.161164,0.621560,0.489433,-1.200111,-0.321136,0.049168
-4.842556,-2.110053,-1.249749,0.570764,1.967354,6.199388,0.161526,0.624290,0.484993,-1.206876,-0.320396,0.050825
-4.842568,-2.117351,-1.249725,0.570753,1.967330,6.199376,0.161912,0.627135,0.480323,-1.213983,-0.319597,0.052549
-4.842592,-2.124901,-1.249737,0.570729,1.967414,6.199388,0.162306,0.630040,0.475454,-1.221378,-0.318833,0.054426
-4.842604,-2.132416,-1.249760,0.570753,1.967330,6.199376,0.162699,0.632896,0.470584,-1.228710,-0.317950,0.056173
-4.842604,-2.139966,-1.249737,0.570681,1.967354,6.199376,0.163074,0.635738,0.465684,-1.236115,-0.317146,0.058030
-4.842640,-2.147433,-1.249737,0.570705,1.967342,6.199388,0.163464,0.638497,0.460812,-1.243378,-0.316294,0.059808
-4.842664,-2.154779,-1.249785,0.570717,1.967354,6.199436,0.163835,0.641180,0.455977,-1.250582,-0.315449,0.061631
-4.842700,-2.161754,-1.249796,0.570717,1.967342,6.199400,0.164193,0.643693,0.451383,-1.257390,-0.314668,0.063261
-4.842784,-2.168512,-1.249737,0.570705,1.967378,6.199388,0.164564,0.646090,0.446943,-1.263937,-0.313910,0.064837
-4.842772,-2.174803,-1.249821,0.570681,1.967342,6.199400,0.164854,0.648313,0.442737,-1.270173,-0.313167,0.066394
-4.842832,-2.180612,-1.249785,0.570705,1.967342,6.199388,0.165162,0.650324,0.438890,-1.275781,-0.312493,0.067737
-4.842820,-2.183349,-1.249785,0.570717,1.967378,6.199388,0.165277,0.651270,0.437066,-1.278431,-0.312226,0.068436
-4.842940,-2.190948,-1.249760,0.570705,1.967378,6.199436,0.165701,0.653852,0.431997,-1.285846,-0.311264,0.070230
-4.843036,-2.195666,-1.249772,0.570705,1.967378,6.199340,0.165976,0.655431,0.428829,-1.290450,-0.310728,0.071225
-4.843096,-2.197911,-1.249772,0.570705,1.967390,6.199412,0.166115,0.656174,0.427321,-1.292656,-0.310399,0.071793
-4.843240,-2.202281,-1.249796,0.570717,1.967366,6.199400,0.166405,0.657607,0.424372,-1.296944,-0.309794,0.072719
-4.843372,-2.206290,-1.249737,0.570705,1.967354,6.199400,0.166670,0.658913,0.421694,-1.300822,-0.309246,0.073571
-4.843563,-2.210012,-1.249785,0.570705,1.967366,6.199424,0.166959,0.660102,0.419160,-1.304523,-0.308684,0.074362
-4.843815,-2.213769,-1.249725,0.570705,1.967378,6.199376,0.167288,0.661284,0.416643,-1.308150,-0.308135,0.075026
-4.844211,-2.217179,-1.249749,0.570705,1.967330,6.199388,0.167702,0.662320,0.414322,-1.311556,-0.307431,0.075514
-4.844727,-2.220684,-1.249785,0.570681,1.967330,6.199376,0.168196,0.663360,0.411926,-1.315099,-0.306686,0.075946
-4.845519,-2.224261,-1.249760,0.570693,1.967390,6.199364,0.168871,0.664364,0.409504,-1.318652,-0.305809,0.076181
-4.846526,-2.227959,-1.249760,0.570693,1.967366,6.199376,0.169702,0.665362,0.406985,-1.322400,-0.304680,0.076240
-4.847821,-2.231824,-1.249760,0.570681,1.967354,6.199364,0.170732,0.666354,0.404346,-1.326357,-0.303360,0.076091
-4.849236,-2.235702,-1.249725,0.570693,1.967366,6.199364,0.171842,0.667316,0.401711,-1.330283,-0.301972,0.075858
-4.850736,-2.239747,-1.249772,0.570681,1.967354,6.199400,0.173019,0.668304,0.398920,-1.334495,-0.300444,0.075640
-4.852391,-2.243805,-1.249737,0.570681,1.967366,6.199376,0.174301,0.669255,0.396151,-1.338634,-0.298873,0.075240
-4.854226,-2.247731,-1.249772,0.570681,1.967354,6.199424,0.175701,0.670120,0.393437,-1.342751,-0.297113,0.074723
-4.856337,-2.251705,-1.249737,0.570681,1.967378,6.199412,0.177289,0.670938,0.390716,-1.346869,-0.295231,0.073946
-4.857512,-2.253625,-1.249712,0.570681,1.967342,6.199376,0.178165,0.671302,0.389402,-1.348871,-0.294194,0.073384
-4.860018,-2.257455,-1.249712,0.570693,1.967366,6.199376,0.180016,0.671983,0.386759,-1.352924,-0.292037,0.072264
-4.862921,-2.261248,-1.249712,0.570657,1.967342,6.199400,0.182139,0.672572,0.384134,-1.357046,-0.289541,0.070808
-4.866112,-2.264874,-1.249772,0.570669,1.967342,6.199364,0.184448,0.673035,0.381598,-1.361040,-0.286917,0.069046
-4.869578,-2.268271,-1.249772,0.570669,1.967342,6.199376,0.186937,0.673368,0.379242,-1.364806,-0.284096,0.067030
-4.873104,-2.271272,-1.249760,0.570657,1.967378,6.199400,0.189448,0.673561,0.377162,-1.368188,-0.281295,0.064904
-4.876893,-2.273853,-1.249737,0.570693,1.967366,6.199364,0.192122,0.673566,0.375379,-1.371129,-0.278368,0.062359
-4.880876,-2.276026,-1.249760,0.570681,1.967366,6.199400,0.194908,0.673407,0.373856,-1.373797,-0.275302,0.059645
-4.885145,-2.277719,-1.249785,0.570693,1.967378,6.199364,0.197864,0.673040,0.372667,-1.375998,-0.272159,0.056517
-4.889415,-2.278980,-1.249785,0.570681,1.967354,6.199412,0.200801,0.672541,0.371788,-1.377788,-0.268981,0.053324
-4.893613,-2.279544,-1.249796,0.570633,1.967366,6.199364,0.203652,0.671853,0.371387,-1.378919,-0.266036,0.049970
-4.897786,-2.279447,-1.249785,0.570669,1.967378,6.199376,0.206448,0.670967,0.371461,-1.379309,-0.263176,0.046486
-4.901781,-2.279051,-1.249785,0.570657,1.967354,6.199376,0.209107,0.670029,0.371737,-1.379441,-0.260454,0.043054
-4.905810,-2.278559,-1.249749,0.570657,1.967318,6.199400,0.211781,0.669047,0.372096,-1.379439,-0.257704,0.039565
-4.909972,-2.278127,-1.249725,0.570657,1.967390,6.199352,0.214534,0.668040,0.372406,-1.379502,-0.254991,0.036000
-4.911987,-2.277995,-1.249712,0.570669,1.967354,6.199388,0.215875,0.667569,0.372504,-1.379606,-0.253569,0.034290
-4.916077,-2.277707,-1.249785,0.570645,1.967342,6.199364,0.218587,0.666601,0.372673,-1.379919,-0.250781,0.030815
-4.920095,-2.277719,-1.249725,0.570681,1.967402,6.199376,0.221260,0.665718,0.372692,-1.380322,-0.248061,0.027508
-4.924052,-2.277707,-1.249772,0.570681,1.967354,6.199424,0.223895,0.664833,0.372681,-1.380842,-0.245248,0.024236
-4.927878,-2.277731,-1.249749,0.570693,1.967390,6.199376,0.226436,0.663977,0.372674,-1.381279,-0.242669,0.021042
-4.931524,-2.277707,-1.249737,0.570693,1.967330,6.199412,0.228859,0.663142,0.372697,-1.381683,-0.240081,0.017992
-4.935147,-2.277671,-1.249760,0.570681,1.967342,6.199376,0.231256,0.662298,0.372711,-1.382103,-0.237611,0.014962
-4.938780,-2.277755,-1.249725,0.570621,1.967402,6.199400,0.233663,0.661484,0.372663,-1.382631,-0.235114,0.012035
-4.942331,-2.277731,-1.249772,0.570657,1.967354,6.199364,0.236011,0.660639,0.372662,-1.383028,-0.232645,0.009021
-4.945881,-2.277695,-1.249772,0.570693,1.967354,6.199388,0.238352,0.659783,0.372690,-1.383369,-0.230186,0.006073
-4.949455,-2.277707,-1.249772,0.570693,1.967366,6.199376,0.240708,0.658930,0.372681,-1.383786,-0.227729,0.003106
-4.952993,-2.277707,-1.249772,0.570669,1.967378,6.199412,0.243038,0.658076,0.372680,-1.384212,-0.225261,0.000213
-4.956531,-2.277731,-1.249785,0.570681,1.967366,6.199388,0.245367,0.657217,0.372658,-1.384631,-0.222814,-0.002747
-4.960129,-2.277755,-1.249737,0.570693,1.967366,6.199376,0.247732,0.656337,0.372663,-1.384995,-0.220338,-0.005755
-4.963584,-2.277767,-1.249772,0.570657,1.967306,6.199400,0.250004,0.655484,0.372638,-1.385463,-0.217865,-0.008623
-4.966870,-2.277719,-1.249760,0.570657,1.967366,6.199424,0.252149,0.654646,0.372676,-1.385765,-0.215632,-0.011307
-4.970072,-2.277731,-1.249760,0.570669,1.967354,6.199412,0.254245,0.653837,0.372668,-1.386112,-0.213413,-0.013984
-4.973262,-2.277779,-1.249772,0.570681,1.967354,6.199400,0.256333,0.653034,0.372630,-1.386501,-0.211202,-0.016630
-4.974774,-2.277791,-1.249772,0.570657,1.967378,6.199400,0.257319,0.652651,0.372621,-1.386697,-0.210168,-0.017859
-4.977604,-2.277839,-1.249772,0.570657,1.967330,6.199400,0.259173,0.651934,0.372587,-1.387048,-0.208157,-0.020229
-4.980219,-2.277815,-1.249737,0.570681,1.967366,6.199388,0.260871,0.651246,0.372620,-1.387243,-0.206398,-0.022409
-4.982510,-2.277827,-1.249772,0.570657,1.967390,6.199412,0.262362,0.650651,0.372595,-1.387554,-0.204800,-0.024255
-4.984489,-2.277851,-1.249785,0.570657,1.967366,6.199388,0.263653,0.650137,0.372574,-1.387796,-0.203418,-0.025924
-4.986024,-2.277899,-1.249749,0.570681,1.967330,6.199412,0.264657,0.649744,0.372557,-1.387949,-0.202309,-0.027208
-4.987007,-2.277947,-1.249796,0.570693,1.967354,6.199424,0.265296,0.649493,0.372504,-1.388132,-0.201623,-0.027974
-4.987439,-2.277971,-1.249821,0.570717,1.967378,6.199388,0.265576,0.649381,0.372478,-1.388195,-0.201363,-0.028339
-4.987439,-2.278019,-1.249796,0.570681,1.967330,6.199400,0.265585,0.649399,0.372453,-1.388256,-0.201304,-0.028346
-4.987343,-2.278019,-1.249785,0.570657,1.967330,6.199388,0.265523,0.649428,0.372457,-1.388257,-0.201376,-0.028272
-4.987175,-2.278019,-1.249772,0.570681,1.967366,6.199400,0.265411,0.649470,0.372463,-1.388204,-0.201521,-0.028108
-4.987187,-2.278055,-1.249796,0.570657,1.967378,6.199412,0.265421,0.649478,0.372427,-1.388286,-0.201499,-0.028076
-4.987223,-2.278055,-1.249760,0.570681,1.967390,6.199400,0.265443,0.649467,0.372443,-1.388230,-0.201503,-0.028125
-4.987211,-2.278019,-1.249785,0.570669,1.967390,6.199424,0.265433,0.649461,0.372457,-1.388232,-0.201495,-0.028095
-4.987139,-2.278019,-1.249760,0.570693,1.967342,6.199388,0.265389,0.649479,0.372469,-1.388177,-0.201539,-0.028111
-4.987211,-2.278019,-1.249749,0.570693,1.967402,6.199412,0.265431,0.649460,0.372473,-1.388173,-0.201525,-0.028113
-4.987187,-2.278043,-1.249772,0.570669,1.967378,6.199364,0.265420,0.649474,0.372446,-1.388235,-0.201541,-0.028129
-4.987175,-2.278031,-1.249760,0.570681,1.967366,6.199424,0.265412,0.649474,0.372460,-1.388206,-0.201505,-0.028088
-4.987163,-2.278007,-1.249772,0.570657,1.967402,6.199364,0.265400,0.649472,0.372470,-1.388209,-0.201582,-0.028099
-4.987175,-2.278055,-1.249785,0.570681,1.967354,6.199376,0.265415,0.649479,0.372433,-1.388248,-0.201519,-0.028123
-4.987175,-2.278043,-1.249785,0.570693,1.967354,6.199448,0.265413,0.649475,0.372442,-1.388232,-0.201473,-0.028070
-4.987175,-2.278079,-1.249796,0.570693,1.967318,6.199400,0.265419,0.649484,0.372412,-1.388274,-0.201468,-0.028122
-4.987175,-2.278067,-1.249760,0.570693,1.967390,6.199400,0.265412,0.649482,0.372435,-1.388225,-0.201537,-0.028085
-4.987187,-2.278031,-1.249749,0.570657,1.967306,6.199436,0.265425,0.649474,0.372464,-1.388223,-0.201436,-0.028127
-4.987187,-2.278031,-1.249785,0.570669,1.967390,6.199388,0.265418,0.649471,0.372449,-1.388237,-0.201534,-0.028101
-4.987199,-2.278079,-1.249737,0.570669,1.967330,6.199388,0.265435,0.649483,0.372436,-1.388241,-0.201476,-0.028153
-4.987175,-2.278055,-1.249785,0.570669,1.967294,6.199376,0.265420,0.649481,0.372433,-1.388262,-0.201467,-0.028161
-4.987175,-2.278055,-1.249772,0.570693,1.967378,6.199412,0.265412,0.649478,0.372439,-1.388227,-0.201518,-0.028083
-4.987163,-2.278055,-1.249821,0.570657,1.967366,6.199388,0.265406,0.649484,0.372416,-1.388305,-0.201517,-0.028077
-4.987163,-2.278055,-1.249785,0.570681,1.967330,6.199364,0.265408,0.649483,0.372433,-1.388247,-0.201516,-0.028139
-4.987187,-2.278031,-1.249772,0.570669,1.967306,6.199436,0.265425,0.649472,0.372454,-1.388234,-0.201433,-0.028123
-4.987391,-2.277983,-1.249821,0.570669,1.967330,6.199376,0.265551,0.649402,0.372467,-1.388248,-0.201354,-0.028326
-4.988122,-2.277875,-1.249772,0.570681,1.967354,6.199400,0.266016,0.649179,0.372564,-1.388165,-0.200882,-0.028944
-4.988950,-2.277947,-1.249785,0.570693,1.967390,6.199364,0.266555,0.648976,0.372508,-1.388315,-0.200349,-0.029615
-4.989586,-2.278007,-1.249796,0.570681,1.967378,6.199388,0.266974,0.648824,0.372461,-1.388464,-0.199865,-0.030108
-4.989850,-2.277911,-1.249844,0.570669,1.967342,6.199400,0.267140,0.648727,0.372507,-1.388459,-0.199651,-0.030353
-4.989550,-2.277575,-1.249785,0.570681,1.967354,6.199388,0.266919,0.648716,0.372767,-1.388037,-0.199955,-0.030220
-4.989130,-2.276963,-1.249832,0.570669,1.967354,6.199400,0.266598,0.648661,0.373173,-1.387466,-0.200344,-0.030017
-4.988567,-2.275966,-1.249868,0.570645,1.967354,6.199388,0.266155,0.648540,0.373851,-1.386510,-0.200921,-0.029823
-4.987739,-2.274430,-1.249868,0.570657,1.967366,6.199388,0.265497,0.648338,0.374921,-1.384942,-0.201799,-0.029563
-4.986803,-2.272233,-1.249880,0.570669,1.967342,6.199388,0.264720,0.647979,0.376445,-1.382744,-0.202843,-0.029419
-4.986240,-2.270864,-1.249892,0.570681,1.967402,6.199400,0.264242,0.647747,0.377391,-1.381374,-0.203533,-0.029283
-4.984812,-2.267515,-1.249940,0.570669,1.967390,6.199412,0.263056,0.647191,0.379696,-1.378077,-0.205119,-0.029017
-4.983133,-2.263373,-1.250024,0.570657,1.967342,6.199364,0.261646,0.646467,0.382532,-1.374023,-0.207025,-0.028823
-4.981130,-2.258391,-1.250096,0.570681,1.967366,6.199400,0.259955,0.645569,0.385950,-1.369086,-0.209313,-0.028483
-4.978720,-2.252724,-1.250108,0.570669,1.967342,6.199412,0.257951,0.644564,0.389856,-1.363421,-0.211974,-0.028046
-4.975865,-2.246206,-1.250143,0.570645,1.967342,6.199352,0.255593,0.643395,0.394327,-1.356911,-0.215137,-0.027498
-4.972591,-2.238991,-1.250192,0.570633,1.967378,6.199376,0.252907,0.642086,0.399259,-1.349684,-0.218661,-0.026686
-4.968969,-2.231116,-1.250180,0.570657,1.967402,6.199376,0.249948,0.640615,0.404652,-1.341681,-0.222532,-0.025802
-4.964987,-2.222652,-1.250203,0.570669,1.967330,6.199388,0.246723,0.638998,0.410411,-1.333111,-0.226615,-0.024801
-4.960489,-2.213661,-1.250216,0.570681,1.967342,6.199388,0.243124,0.637276,0.416508,-1.323943,-0.231172,-0.023445
-4.955560,-2.204189,-1.250288,0.570669,1.967366,6.199364,0.239219,0.635432,0.422877,-1.314321,-0.236060,-0.021820
-4.950306,-2.194273,-1.250276,0.570681,1.967318,6.199388,0.235088,0.633434,0.429550,-1.304118,-0.241105,-0.020050
-4.944598,-2.184034,-1.250276,0.570693,1.967342,6.199388,0.230650,0.631342,0.436400,-1.293532,-0.246513,-0.017919
-4.938649,-2.173530,-1.250312,0.570693,1.967402,6.199424,0.226053,0.629115,0.443374,-1.282686,-0.252050,-0.015556
-4.932424,-2.162594,-1.250408,0.570717,1.967342,6.199376,0.221277,0.626693,0.450571,-1.271392,-0.257704,-0.013177
-4.925888,-2.151454,-1.250372,0.570681,1.967378,6.199412,0.216307,0.624159,0.457909,-1.259772,-0.263547,-0.010435
-4.922493,-2.145824,-1.250420,0.570705,1.967354,6.199376,0.213751,0.622849,0.461575,-1.253895,-0.266520,-0.009024
-4.915501,-2.134456,-1.250431,0.570681,1.967330,6.199388,0.208524,0.620147,0.468974,-1.241985,-0.272513,-0.005941
-4.908280,-2.122993,-1.250480,0.570669,1.967390,6.199412,0.203175,0.617329,0.476370,-1.229942,-0.278632,-0.002577
-4.900917,-2.111241,-1.250575,0.570657,1.967330,6.199400,0.197762,0.614304,0.483880,-1.217617,-0.284696,0.000784
-4.893265,-2.099321,-1.250624,0.570705,1.967354,6.199388,0.192192,0.611125,0.491465,-1.204948,-0.290945,0.004420
-4.885541,-2.087330,-1.250696,0.570729,1.967354,6.199376,0.186621,0.607798,0.499027,-1.192214,-0.297116,0.008140
-4.877589,-2.075170,-1.250743,0.570729,1.967378,6.199412,0.180947,0.604306,0.506644,-1.179256,-0.303330,0.012117
-4.869578,-2.062903,-1.250863,0.570717,1.967366,6.199376,0.175287,0.600643,0.514236,-1.166225,-0.309482,0.016101
-4.861530,-2.050647,-1.250851,0.570693,1.967342,6.199388,0.169662,0.596842,0.521812,-1.153059,-0.315519,0.020168
-4.853458,-2.038297,-1.251031,0.570693,1.967330,6.199412,0.164078,0.592870,0.529302,-1.139931,-0.321454,0.024336
-4.845459,-2.025850,-1.251115,0.570693,1.967366,6.199352,0.158588,0.588695,0.536822,-1.126579,-0.327346,0.028392
-4.837471,-2.013270,-1.251199,0.570705,1.967342,6.199400,0.153169,0.584316,0.544354,-1.113079,-0.333018,0.032505
-4.829423,-2.000788,-1.251391,0.570729,1.967330,6.199388,0.147788,0.579856,0.551711,-1.099718,-0.338637,0.036715
-4.821663,-1.988365,-1.251475,0.570729,1.967402,6.199400,0.142642,0.575237,0.559004,-1.086352,-0.344049,0.040772
-4.813856,-1.975907,-1.251643,0.570729,1.967426,6.199388,0.137542,0.570481,0.566213,-1.072997,-0.349343,0.044873
-4.806300,-1.963508,-1.251798,0.570753,1.967378,6.199400,0.132668,0.565586,0.573319,-1.059692,-0.354315,0.048777
-4.798852,-1.951050,-1.251894,0.570741,1.967366,6.199376,0.127923,0.560519,0.580409,-1.046292,-0.359181,0.052590
-4.791500,-1.938689,-1.252026,0.570741,1.967414,6.199388,0.123306,0.555363,0.587353,-1.033006,-0.363918,0.056444
-4.787890,-1.932604,-1.251990,0.570776,1.967342,6.199412,0.121073,0.552766,0.590787,-1.026336,-0.366121,0.058281
-4.780838,-1.920326,-1.252086,0.570729,1.967330,6.199376,0.116744,0.547439,0.597585,-1.013161,-0.370515,0.061864
-4.774074,-1.908000,-1.252218,0.570764,1.967414,6.199388,0.112638,0.541931,0.604319,-0.999926,-0.374733,0.065292
-4.767538,-1.895879,-1.252206,0.570764,1.967414,6.199388,0.108742,0.536382,0.610923,-0.986814,-0.378668,0.068511
-4.761361,-1.883841,-1.252349,0.570800,1.967366,6.199376,0.105116,0.530749,0.617345,-0.973954,-0.382287,0.071443
-4.755424,-1.871637,-1.252325,0.570812,1.967378,6.199412,0.101677,0.524881,0.623844,-0.960823,-0.385749,0.074191
-4.749860,-1.859876,-1.252362,0.570741,1.967342,6.199388,0.098516,0.519135,0.630009,-0.948318,-0.388908,0.076675
-4.744618,-1.848067,-1.252422,0.570764,1.967354,6.199376,0.095581,0.513232,0.636113,-0.935744,-0.391881,0.078897
-4.739857,-1.836595,-1.252325,0.570812,1.967426,6.199364,0.092952,0.507357,0.642032,-0.923398,-0.394608,0.080764
-4.735540,-1.825195,-1.252446,0.570764,1.967366,6.199400,0.090614,0.501446,0.647757,-0.911530,-0.396909,0.082307
-4.731714,-1.814143,-1.252385,0.570812,1.967354,6.199388,0.088571,0.495574,0.653308,-0.899805,-0.398993,0.083410
-4.728476,-1.803378,-1.252349,0.570824,1.967378,6.199412,0.086861,0.489752,0.658638,-0.888535,-0.400769,0.084112
-4.725729,-1.792615,-1.252434,0.570800,1.967354,6.199400,0.085431,0.483851,0.663856,-0.877508,-0.402252,0.084352
-4.723523,-1.782318,-1.252374,0.570789,1.967402,6.199388,0.084288,0.478088,0.668838,-0.866882,-0.403521,0.084202
-4.721784,-1.772203,-1.252422,0.570776,1.967354,6.199352,0.083401,0.472359,0.673633,-0.856635,-0.404472,0.083625
-4.721160,-1.767367,-1.252434,0.570812,1.967354,6.199376,0.083080,0.469577,0.675909,-0.851730,-0.404834,0.083196
-4.720536,-1.758128,-1.252374,0.570836,1.967342,6.199400,0.082740,0.464177,0.680250,-0.842428,-0.405270,0.081821
-4.720560,-1.749273,-1.252374,0.570836,1.967414,6.199424,0.082699,0.458923,0.684339,-0.833708,-0.405492,0.079985
-4.720668,-1.740909,-1.252385,0.570800,1.967378,6.199400,0.082706,0.453929,0.688156,-0.825535,-0.405582,0.078093
-4.720824,-1.732906,-1.252338,0.570848,1.967402,6.199400,0.082732,0.449095,0.691790,-0.817585,-0.405691,0.076252
-4.720812,-1.725239,-1.252325,0.570812,1.967390,6.199376,0.082685,0.444466,0.695224,-0.810049,-0.405833,0.074626
-4.720848,-1.718171,-1.252362,0.570836,1.967414,6.199352,0.082660,0.440174,0.698339,-0.803098,-0.405975,0.073095
-4.720788,-1.711452,-1.252374,0.570824,1.967390,6.199436,0.082599,0.436081,0.701282,-0.796510,-0.406057,0.071810
-4.720824,-1.705225,-1.252313,0.570836,1.967342,6.199400,0.082583,0.432248,0.704012,-0.790307,-0.406117,0.070398
-4.720836,-1.699490,-1.252338,0.570860,1.967366,6.199376,0.082555,0.428716,0.706473,-0.784652,-0.406237,0.069169
-4.720824,-1.694342,-1.252290,0.570848,1.967378,6.199400,0.082520,0.425526,0.708692,-0.779546,-0.406326,0.068118
-4.720836,-1.689735,-1.252278,0.570872,1.967354,6.199412,0.082501,0.422663,0.710653,-0.774978,-0.406366,0.067133
-4.720824,-1.685800,-1.252241,0.570848,1.967378,6.199340,0.082472,0.420211,0.712326,-0.771069,-0.406481,0.066258
-4.720824,-1.682356,-1.252290,0.570836,1.967390,6.199388,0.082452,0.418074,0.713753,-0.767744,-0.406524,0.065598
-4.720824,-1.679393,-1.252241,0.570836,1.967402,6.199412,0.082434,0.416212,0.715008,-0.764780,-0.406571,0.064993
-4.720812,-1.676981,-1.252182,0.570836,1.967414,6.199388,0.082414,0.414690,0.716033,-0.762337,-0.406631,0.064468
-4.720872,-1.675829,-1.252158,0.570836,1.967354,6.199424,0.082437,0.413960,0.716521,-0.761203,-0.406555,0.064174
-4.720848,-1.674030,-1.252182,0.570860,1.967378,6.199388,0.082415,0.412834,0.717255,-0.759416,-0.406626,0.063796
-4.720872,-1.672770,-1.252170,0.570848,1.967366,6.199376,0.082419,0.412040,0.717780,-0.758178,-0.406628,0.063493
-4.720836,-1.671966,-1.252146,0.570884,1.967414,6.199376,0.082396,0.411527,0.718119,-0.757315,-0.406699,0.063364
-4.720860,-1.671643,-1.252134,0.570860,1.967354,6.199388,0.082408,0.411323,0.718259,-0.757021,-0.406634,0.063264
-4.720848,-1.671690,-1.252134,0.570872,1.967330,6.199376,0.082406,0.411354,0.718239,-0.757053,-0.406620,0.063262
-4.720848,-1.671918,-1.252170,0.570824,1.967330,6.199400,0.082407,0.411510,0.718133,-0.757366,-0.406606,0.063350
-4.720812,-1.672146,-1.252206,0.570860,1.967342,6.199400,0.082392,0.411659,0.718025,-0.757582,-0.406628,0.063436
-4.720812,-1.672182,-1.252218,0.570800,1.967390,6.199412,0.082389,0.411690,0.718005,-0.757686,-0.406667,0.063489
-4.720860,-1.672218,-1.252218,0.570860,1.967390,6.199364,0.082409,0.411702,0.717990,-0.757662,-0.406667,0.063394
-4.720848,-1.672134,-1.252170,0.570860,1.967390,6.199376,0.082404,0.411640,0.718042,-0.757533,-0.406669,0.063389
-4.720824,-1.672146,-1.252194,0.570824,1.967366,6.199412,0.082396,0.411660,0.718029,-0.757608,-0.406641,0.063451
-4.720800,-1.672182,-1.252194,0.570824,1.967354,6.199376,0.082387,0.411684,0.718015,-0.757632,-0.406652,0.063443
-4.720824,-1.672242,-1.252206,0.570872,1.967378,6.199412,0.082395,0.411716,0.717984,-0.757666,-0.406652,0.063468
-4.720848,-1.672218,-1.252254,0.570860,1.967354,6.199388,0.082407,0.411711,0.717977,-0.757704,-0.406629,0.063421
-4.720860,-1.672266,-1.252302,0.570812,1.967366,6.199364,0.082411,0.411756,0.717940,-0.757842,-0.406642,0.063423
-4.720884,-1.672314,-1.252254,0.570824,1.967414,6.199388,0.082418,0.411772,0.717937,-0.757836,-0.406669,0.063439
-4.720800,-1.672362,-1.252254,0.570860,1.967354,6.199388,0.082388,0.411806,0.717918,-0.757836,-0.406645,0.063497
-4.720836,-1.672422,-1.252266,0.570848,1.967342,6.199388,0.082404,0.411844,0.717889,-0.757927,-0.406618,0.063476
-4.720848,-1.672519,-1.252290,0.570860,1.967366,6.199388,0.082408,0.411907,0.717840,-0.758034,-0.406635,0.063497
-4.720884,-1.672686,-1.252338,0.570848,1.967342,6.199376,0.082425,0.412021,0.717754,-0.758265,-0.406600,0.063490
-4.720932,-1.672938,-1.252434,0.570836,1.967366,6.199388,0.082445,0.412196,0.717614,-0.758629,-0.406595,0.063541
-4.720980,-1.673238,-1.252506,0.570836,1.967342,6.199400,0.082468,0.412396,0.717464,-0.759010,-0.406544,0.063576
-4.721112,-1.673634,-1.252578,0.570872,1.967366,6.199388,0.082523,0.412644,0.717273,-0.759457,-0.406515,0.063541
-4.721304,-1.674162,-1.252709,0.570836,1.967378,6.199400,0.082605,0.412990,0.717006,-0.760182,-0.406438,0.063524
-4.721555,-1.674882,-1.252973,0.570848,1.967390,6.199376,0.082713,0.413473,0.716611,-0.761184,-0.406349,0.063474
-4.721796,-1.675745,-1.253393,0.570896,1.967342,6.199400,0.082822,0.414076,0.716098,-0.762458,-0.406185,0.063512
-4.722012,-1.676778,-1.253848,0.570872,1.967390,6.199376,0.082915,0.414799,0.715500,-0.763981,-0.406134,0.063625
-4.722012,-1.677701,-1.254639,0.570860,1.967402,6.199388,0.082921,0.415539,0.714823,-0.765683,-0.406115,0.064004
-4.722059,-1.678505,-1.255826,0.570824,1.967378,6.199400,0.082950,0.416283,0.714049,-0.767695,-0.406039,0.064388
-4.722119,-1.679285,-1.257456,0.570848,1.967366,6.199400,0.082984,0.417090,0.713119,-0.770058,-0.405969,0.064830
-4.722143,-1.679609,-1.258475,0.570812,1.967354,6.199364,0.082999,0.417500,0.712605,-0.771415,-0.405941,0.065060
-4.722167,-1.680220,-1.260861,0.570836,1.967378,6.199400,0.083015,0.418352,0.711461,-0.774353,-0.405895,0.065708
-4.722251,-1.680821,-1.263834,0.570872,1.967390,6.199412,0.083059,0.419305,0.710100,-0.777856,-0.405815,0.066392
-4.722299,-1.681385,-1.267466,0.570860,1.967378,6.199424,0.083090,0.420369,0.708506,-0.782015,-0.405714,0.067242
-4.722371,-1.681841,-1.271781,0.570836,1.967366,6.199364,0.083132,0.421493,0.706699,-0.786741,-0.405621,0.068127
-4.722479,-1.682188,-1.276720,0.570836,1.967366,6.199412,0.083188,0.422655,0.704697,-0.791980,-0.405472,0.069188
-4.722671,-1.682392,-1.282462,0.570824,1.967378,6.199400,0.083280,0.423867,0.702449,-0.797883,-0.405311,0.070264
-4.722851,-1.682404,-1.289019,0.570812,1.967402,6.199388,0.083366,0.425102,0.699967,-0.804396,-0.405152,0.071489
-4.723163,-1.682356,-1.296260,0.570872,1.967378,6.199412,0.083513,0.426392,0.697243,-0.811489,-0.404865,0.072722
-4.723523,-1.682368,-1.304291,0.570836,1.967366,6.199388,0.083682,0.427850,0.694183,-0.819513,-0.404565,0.074073
-4.723931,-1.682368,-1.312899,0.570824,1.967342,6.199400,0.083875,0.429374,0.690896,-0.828088,-0.404201,0.075524
-4.724266,-1.682464,-1.322297,0.570800,1.967378,6.199400,0.084035,0.431071,0.687249,-0.837524,-0.403900,0.077251
-4.724590,-1.682392,-1.332451,0.570789,1.967366,6.199412,0.084194,0.432764,0.683369,-0.847532,-0.403533,0.079103
-4.724926,-1.682404,-1.343491,0.570764,1.967330,6.199388,0.084364,0.434616,0.679091,-0.858503,-0.403121,0.081112
-4.725106,-1.682368,-1.355144,0.570764,1.967378,6.199436,0.084460,0.436501,0.674573,-0.869982,-0.402799,0.083487
-4.725405,-1.682332,-1.367635,0.570824,1.967402,6.199388,0.084613,0.438449,0.669705,-0.882233,-0.402412,0.085823
-4.725777,-1.682344,-1.380678,0.570824,1.967378,6.199388,0.084802,0.440451,0.664575,-0.895160,-0.401896,0.088259
-4.725981,-1.682356,-1.387451,0.570800,1.967378,6.199376,0.084905,0.441469,0.661898,-0.901901,-0.401633,0.089517
-4.726365,-1.682368,-1.401441,0.570800,1.967366,6.199424,0.085101,0.443503,0.656353,-0.915771,-0.401048,0.092200
-4.726641,-1.682297,-1.415911,0.570800,1.967342,6.199376,0.085251,0.445490,0.650625,-0.929990,-0.400516,0.094979
-4.726928,-1.682212,-1.431064,0.570789,1.967366,6.199400,0.085404,0.447476,0.644599,-0.944892,-0.399950,0.097987
-4.727169,-1.682176,-1.446361,0.570776,1.967414,6.199388,0.085534,0.449420,0.638463,-0.959964,-0.399419,0.101065
-4.727432,-1.682092,-1.462017,0.570764,1.967366,6.199400,0.085681,0.451287,0.632175,-0.975359,-0.398746,0.104168
-4.727708,-1.682032,-1.477686,0.570812,1.967366,6.199376,0.085831,0.453061,0.625842,-0.990721,-0.398108,0.107252
-4.727948,-1.681876,-1.493631,0.570789,1.967366,6.199400,0.085963,0.454726,0.619411,-1.006331,-0.397433,0.110471
-4.728056,-1.681709,-1.509395,0.570789,1.967378,6.199460,0.086032,0.456273,0.613033,-1.021709,-0.396804,0.113807
-4.728068,-1.681361,-1.524992,0.570776,1.967354,6.199364,0.086058,0.457622,0.606782,-1.036709,-0.396265,0.117002
-4.728176,-1.680845,-1.540182,0.570764,1.967366,6.199400,0.086121,0.458743,0.600754,-1.051184,-0.395645,0.120128
-4.728368,-1.680220,-1.555000,0.570800,1.967354,6.199412,0.086222,0.459678,0.594912,-1.065150,-0.394974,0.123036
-4.728704,-1.679561,-1.569074,0.570764,1.967342,6.199376,0.086388,0.460451,0.589377,-1.078438,-0.394261,0.125623
-4.729015,-1.678721,-1.582994,0.570776,1.967342,6.199412,0.086539,0.461044,0.583976,-1.091356,-0.393532,0.128224
-4.729195,-1.677797,-1.596421,0.570776,1.967366,6.199436,0.086625,0.461505,0.578807,-1.103689,-0.392911,0.130825
-4.729316,-1.676754,-1.609501,0.570753,1.967342,6.199400,0.086686,0.461830,0.573827,-1.115567,-0.392320,0.133306
-4.729340,-1.675530,-1.622257,0.570729,1.967366,6.199400,0.086695,0.461997,0.569056,-1.126932,-0.391816,0.135824
-4.729483,-1.674102,-1.634618,0.570717,1.967402,6.199388,0.086756,0.461978,0.564538,-1.137713,-0.391279,0.138103
-4.729555,-1.673310,-1.640744,0.570764,1.967342,6.199388,0.086791,0.461906,0.562337,-1.142931,-0.390944,0.139163
-4.729735,-1.671666,-1.652685,0.570717,1.967378,6.199412,0.086866,0.461693,0.558083,-1.153136,-0.390377,0.141315
-4.730011,-1.669795,-1.664171,0.570681,1.967342,6.199400,0.086987,0.461304,0.554121,-1.162675,-0.389736,0.143160
-4.730011,-1.667587,-1.675884,0.570764,1.967378,6.199412,0.086971,0.460737,0.550217,-1.171935,-0.389309,0.145262
-4.729951,-1.665116,-1.687393,0.570776,1.967378,6.199376,0.086928,0.460018,0.546513,-1.180790,-0.388926,0.147267
-4.729927,-1.662368,-1.698735,0.570729,1.967390,6.199376,0.086898,0.459139,0.542998,-1.189279,-0.388525,0.149197
-4.729855,-1.659261,-1.710208,0.570681,1.967402,6.199376,0.086842,0.458074,0.539588,-1.197535,-0.388159,0.151120
-4.729807,-1.655805,-1.721622,0.570741,1.967366,6.199388,0.086797,0.456808,0.536362,-1.205296,-0.387753,0.152890
-4.729687,-1.651942,-1.733263,0.570741,1.967390,6.199424,0.086712,0.455351,0.533216,-1.212924,-0.387430,0.154755
-4.729531,-1.647755,-1.744689,0.570681,1.967330,6.199376,0.086614,0.453733,0.530299,-1.220066,-0.387129,0.156422
-4.729351,-1.643304,-1.755935,0.570681,1.967378,6.199388,0.086495,0.451967,0.527570,-1.226709,-0.386923,0.158118
-4.729135,-1.638409,-1.767457,0.570741,1.967366,6.199364,0.086361,0.449989,0.524920,-1.233120,-0.386720,0.159728
-4.728775,-1.633227,-1.778895,0.570717,1.967378,6.199388,0.086160,0.447887,0.522420,-1.239231,-0.386612,0.161453
-4.728308,-1.627792,-1.789901,0.570681,1.967366,6.199388,0.085911,0.445668,0.520203,-1.244660,-0.386602,0.163086
-4.728080,-1.624948,-1.795607,0.570705,1.967390,6.199400,0.085787,0.444494,0.519061,-1.247409,-0.386609,0.163935
-4.727420,-1.619106,-1.806626,0.570693,1.967366,6.199352,0.085455,0.442094,0.517001,-1.252385,-0.386763,0.165591
-4.726581,-1.613024,-1.817416,0.570693,1.967366,6.199376,0.085044,0.439592,0.515129,-1.256869,-0.387034,0.167369
-4.725573,-1.606629,-1.828387,0.570753,1.967366,6.199388,0.084561,0.436955,0.513304,-1.261132,-0.387432,0.169237
-4.724338,-1.600031,-1.839165,0.570669,1.967366,6.199388,0.083983,0.434258,0.511625,-1.265105,-0.387999,0.171231
-4.722863,-1.593397,-1.849668,0.570681,1.967342,6.199424,0.083311,0.431548,0.510065,-1.268648,-0.388703,0.173352
-4.721196,-1.586583,-1.860207,0.570729,1.967402,6.199388,0.082557,0.428764,0.508548,-1.271954,-0.389660,0.175588
-4.719337,-1.579614,-1.870458,0.570705,1.967354,6.199412,0.081739,0.425936,0.507198,-1.274887,-0.390636,0.177883
-4.717370,-1.572607,-1.880397,0.570717,1.967330,6.199400,0.080884,0.423094,0.505975,-1.277412,-0.391749,0.180167
-4.715247,-1.565638,-1.890336,0.570741,1.967342,6.199388,0.079972,0.420272,0.504717,-1.279930,-0.392996,0.182611
-4.712836,-1.558656,-1.900072,0.570717,1.967390,6.199388,0.078950,0.417468,0.503527,-1.282229,-0.394467,0.185292
-4.710150,-1.551590,-1.909316,0.570693,1.967390,6.199376,0.077831,0.414653,0.502558,-1.283916,-0.396117,0.188036
-4.708783,-1.548088,-1.913908,0.570717,1.967318,6.199376,0.077273,0.413257,0.502069,-1.284731,-0.396897,0.189376
-4.706049,-1.541046,-1.923104,0.570717,1.967366,6.199424,0.076155,0.410445,0.501080,-1.286368,-0.398590,0.192229
-4.703290,-1.534077,-1.932072,0.570753,1.967366,6.199388,0.075046,0.407661,0.500140,-1.287799,-0.400326,0.194956
-4.700364,-1.527036,-1.940645,0.570681,1.967378,6.199376,0.073884,0.404874,0.499369,-1.288848,-0.402186,0.197772
-4.697197,-1.520139,-1.949182,0.570717,1.967354,6.199388,0.072645,0.402149,0.498540,-1.289864,-0.404162,0.200785
-4.693971,-1.513242,-1.957538,0.570693,1.967402,6.199376,0.071395,0.399432,0.497764,-1.290733,-0.406260,0.203847
-4.690721,-1.506548,-1.965643,0.570705,1.967354,6.199388,0.070159,0.396799,0.496996,-1.291532,-0.408287,0.206866
-4.687447,-1.500083,-1.973316,0.570681,1.967366,6.199412,0.068924,0.394267,0.496299,-1.292155,-0.410381,0.209916
-4.684161,-1.493858,-1.980798,0.570717,1.967354,6.199424,0.067701,0.391828,0.495576,-1.292761,-0.412475,0.212947
-4.680983,-1.487693,-1.988064,0.570717,1.967330,6.199376,0.066537,0.389411,0.494902,-1.293257,-0.414533,0.215802
-4.677769,-1.481684,-1.995150,0.570705,1.967354,6.199400,0.065370,0.387060,0.494227,-1.293742,-0.416613,0.218774
-4.674555,-1.475771,-2.001936,0.570693,1.967378,6.199412,0.064216,0.384751,0.493626,-1.294020,-0.418709,0.221692
-4.671125,-1.470073,-2.008435,0.570729,1.967306,6.199388,0.062999,0.382543,0.493054,-1.294144,-0.420895,0.224671
-4.667503,-1.464664,-2.014813,0.570705,1.967366,6.199376,0.061709,0.380465,0.492406,-1.294437,-0.423304,0.227955
-4.663750,-1.459447,-2.021023,0.570693,1.967390,6.199376,0.060385,0.378473,0.491745,-1.294724,-0.425765,0.231336
-4.659648,-1.454481,-2.027102,0.570705,1.967390,6.199364,0.058942,0.376599,0.491036,-1.295038,-0.428442,0.235002
-4.655295,-1.449683,-2.033049,0.570705,1.967366,6.199424,0.057418,0.374807,0.490310,-1.295369,-0.431221,0.238930
-4.653064,-1.447465,-2.035902,0.570753,1.967390,6.199412,0.056636,0.373980,0.489930,-1.295519,-0.432704,0.240930
-4.648362,-1.443027,-2.041742,0.570729,1.967354,6.199412,0.054999,0.372347,0.489101,-1.296038,-0.435740,0.245145
-4.643362,-1.438853,-2.047497,0.570741,1.967354,6.199400,0.053258,0.370826,0.488205,-1.296629,-0.439013,0.249650
-4.638205,-1.434907,-2.053096,0.570753,1.967378,6.199376,0.051468,0.369398,0.487284,-1.297249,-0.442422,0.254304
-4.632664,-1.431213,-2.058659,0.570705,1.967390,6.199388,0.049545,0.368087,0.486277,-1.298072,-0.446054,0.259351
-4.627052,-1.427699,-2.063971,0.570693,1.967354,6.199388,0.047609,0.366844,0.485308,-1.298774,-0.449711,0.264389
-4.621175,-1.424377,-2.069043,0.570693,1.967378,6.199412,0.045581,0.365681,0.484366,-1.299354,-0.453586,0.269692
-4.615286,-1.421247,-2.074149,0.570705,1.967342,6.199400,0.043560,0.364582,0.483337,-1.300138,-0.457449,0.274972
-4.609326,-1.418285,-2.079053,0.570729,1.967390,6.199340,0.041516,0.363540,0.482330,-1.300827,-0.461470,0.280314
-4.603234,-1.415479,-2.083766,0.570705,1.967378,6.199412,0.039433,0.362565,0.481342,-1.301540,-0.465452,0.285832
-4.596854,-1.413032,-2.088370,0.570729,1.967330,6.199376,0.037248,0.361727,0.480272,-1.302365,-0.469676,0.291509
-4.590306,-1.410729,-2.092698,0.570741,1.967354,6.199400,0.035001,0.360942,0.479264,-1.303032,-0.474042,0.297394
-4.586996,-1.409770,-2.094761,0.570741,1.967366,6.199400,0.033859,0.360623,0.478734,-1.303448,-0.476261,0.300373
-4.580232,-1.407791,-2.098766,0.570705,1.967366,6.199376,0.031535,0.359963,0.477742,-1.304096,-0.480798,0.306381
-4.573552,-1.405992,-2.102626,0.570693,1.967342,6.199424,0.029244,0.359356,0.476749,-1.304787,-0.485225,0.312358
-4.566765,-1.404301,-2.106355,0.570705,1.967342,6.199436,0.026916,0.358778,0.475772,-1.305385,-0.489776,0.318396
-4.559965,-1.402957,-2.109808,0.570693,1.967330,6.199388,0.024572,0.358328,0.474788,-1.306050,-0.494377,0.324395
-4.553261,-1.402034,-2.113021,0.570741,1.967354,6.199412,0.022242,0.358019,0.473760,-1.306859,-0.498913,0.330414
-4.546653,-1.401507,-2.115982,0.570669,1.967378,6.199400,0.019923,0.357863,0.472694,-1.307929,-0.503427,0.336363
-4.540021,-1.401266,-2.118728,0.570705,1.967342,6.199388,0.017585,0.357796,0.471624,-1.308961,-0.507920,0.342276
-4.533354,-1.401266,-2.121198,0.570705,1.967378,6.199388,0.015213,0.357813,0.470584,-1.309965,-0.512502,0.348269
-4.526746,-1.401338,-2.123369,0.570717,1.967390,6.199400,0.012858,0.357849,0.469646,-1.310743,-0.517021,0.354155
-4.520126,-1.401350,-2.125274,0.570717,1.967342,6.199376,0.010505,0.357860,0.468840,-1.311199,-0.521521,0.359920
-4.513626,-1.401315,-2.126941,0.570693,1.967366,6.199376,0.008192,0.357843,0.468150,-1.311403,-0.525982,0.365601
-4.507175,-1.401363,-2.128393,0.570705,1.967354,6.199424,0.005893,0.357848,0.467524,-1.311464,-0.530351,0.371224
-4.500771,-1.401363,-2.129411,0.570729,1.967354,6.199400,0.003610,0.357835,0.467097,-1.311011,-0.534726,0.376668
-4.494235,-1.401374,-2.129951,0.570681,1.967354,6.199388,0.001274,0.357839,0.466863,-1.310129,-0.539163,0.382160
-4.488167,-1.401350,-2.130226,0.570669,1.967402,6.199388,-0.000896,0.357819,0.466755,-1.309003,-0.543300,0.387252
-4.482171,-1.401363,-2.130215,0.570681,1.967378,6.199412,-0.003041,0.357812,0.466756,-1.307634,-0.547297,0.392207
-4.476367,-1.401374,-2.130203,0.570681,1.967366,6.199388,-0.005118,0.357793,0.466757,-1.306294,-0.551204,0.396974
-4.470431,-1.401338,-2.130239,0.570705,1.967318,6.199412,-0.007234,0.357742,0.466756,-1.304914,-0.555137,0.401861
-4.464651,-1.401326,-2.130215,0.570681,1.967342,6.199388,-0.009303,0.357692,0.466769,-1.303543,-0.559052,0.406629
-4.458775,-1.401363,-2.130191,0.570693,1.967366,6.199376,-0.011410,0.357643,0.466767,-1.302157,-0.563024,0.411489
-4.453139,-1.401363,-2.130239,0.570669,1.967366,6.199388,-0.013426,0.357574,0.466745,-1.300903,-0.566804,0.416165
-4.450309,-1.401387,-2.130226,0.570705,1.967342,6.199388,-0.014437,0.357541,0.466744,-1.300214,-0.568681,0.418481
-4.444792,-1.401363,-2.130143,0.570705,1.967402,6.199412,-0.016412,0.357448,0.466788,-1.298788,-0.572405,0.423080
-4.439624,-1.401410,-2.130179,0.570681,1.967414,6.199412,-0.018265,0.357376,0.466754,-1.297656,-0.575887,0.427372
-4.434647,-1.401350,-2.130215,0.570693,1.967342,6.199352,-0.020032,0.357260,0.466761,-1.296419,-0.579198,0.431376
-4.430210,-1.401387,-2.130203,0.570693,1.967378,6.199388,-0.021623,0.357179,0.466753,-1.295375,-0.582178,0.435096
-4.426253,-1.401410,-2.130215,0.570705,1.967318,6.199424,-0.023034,0.357101,0.466741,-1.294464,-0.584759,0.438355
-4.422751,-1.401398,-2.130155,0.570717,1.967378,6.199436,-0.024288,0.357011,0.466771,-1.293517,-0.587136,0.441284
-4.419909,-1.401387,-2.130166,0.570669,1.967414,6.199376,-0.025304,0.356939,0.466767,-1.292841,-0.589108,0.443611
-4.417643,-1.401435,-2.130166,0.570681,1.967330,6.199388,-0.026113,0.356902,0.466752,-1.292345,-0.590552,0.445439
-4.415952,-1.401470,-2.130155,0.570681,1.967342,6.199400,-0.026721,0.356870,0.466744,-1.291955,-0.591688,0.446855
-4.414897,-1.401410,-2.130166,0.570669,1.967378,6.199388,-0.027094,0.356818,0.466759,-1.291646,-0.592427,0.447736
-4.414525,-1.401447,-2.130166,0.570693,1.967366,6.199376,-0.027229,0.356820,0.466748,-1.291566,-0.592674,0.448026
-4.414585,-1.401447,-2.130191,0.570705,1.967366,6.199424,-0.027207,0.356819,0.466738,-1.291609,-0.592605,0.448018
-4.414514,-1.401447,-2.130119,0.570693,1.967354,6.199388,-0.027233,0.356822,0.466768,-1.291522,-0.592660,0.448031
-4.414550,-1.401435,-2.130155,0.570717,1.967342,6.199376,-0.027217,0.356815,0.466758,-1.291530,-0.592634,0.447983
-4.414550,-1.401495,-2.130155,0.570681,1.967378,6.199376,-0.027227,0.356839,0.466735,-1.291617,-0.592672,0.448022
-4.414585,-1.401470,-2.130155,0.570693,1.967378,6.199364,-0.027211,0.356830,0.466744,-1.291586,-0.592652,0.447977
-4.414585,-1.401459,-2.130155,0.570705,1.967342,6.199400,-0.027207,0.356826,0.466749,-1.291583,-0.592599,0.447978
-4.414561,-1.401447,-2.130143,0.570693,1.967342,6.199400,-0.027215,0.356823,0.466758,-1.291565,-0.592613,0.447996
-4.414573,-1.401435,-2.130155,0.570681,1.967354,6.199388,-0.027210,0.356819,0.466756,-1.291573,-0.592624,0.447986
-4.414561,-1.401470,-2.130107,0.570681,1.967366,6.199364,-0.027219,0.356833,0.466764,-1.291547,-0.592655,0.447983
-4.414585,-1.401435,-2.130143,0.570693,1.967342,6.199400,-0.027205,0.356819,0.466762,-1.291559,-0.592596,0.447975
-4.414585,-1.401483,-2.130119,0.570681,1.967342,6.199388,-0.027211,0.356839,0.466755,-1.291591,-0.592607,0.447970
-4.414561,-1.401422,-2.130119,0.570705,1.967330,6.199376,-0.027211,0.356814,0.466777,-1.291500,-0.592613,0.447959
-4.414550,-1.401435,-2.130155,0.570681,1.967378,6.199376,-0.027220,0.356817,0.466756,-1.291558,-0.592666,0.448013
-4.414585,-1.401447,-2.130095,0.570693,1.967366,6.199412,-0.027208,0.356824,0.466778,-1.291522,-0.592605,0.447996
-4.414573,-1.401470,-2.130143,0.570681,1.967390,6.199352,-0.027216,0.356830,0.466749,-1.291576,-0.592677,0.447985
-4.414561,-1.401447,-2.130131,0.570681,1.967354,6.199412,-0.027216,0.356824,0.466762,-1.291566,-0.592616,0.448014
-4.414597,-1.401422,-2.130143,0.570693,1.967342,6.199400,-0.027199,0.356815,0.466766,-1.291550,-0.592587,0.447963
-4.414609,-1.401459,-2.130119,0.570693,1.967390,6.199376,-0.027202,0.356827,0.466764,-1.291545,-0.592634,0.447968
-4.414561,-1.401470,-2.130143,0.570657,1.967366,6.199412,-0.027220,0.356834,0.466747,-1.291623,-0.592631,0.448031
-4.414561,-1.401435,-2.130143,0.570657,1.967354,6.199400,-0.027215,0.356822,0.466760,-1.291586,-0.592625,0.448008
-4.414609,-1.401470,-2.130131,0.570681,1.967402,6.199412,-0.027204,0.356831,0.466754,-1.291590,-0.592625,0.448011
-4.414573,-1.401422,-2.130131,0.570681,1.967378,6.199412,-0.027210,0.356814,0.466771,-1.291539,-0.592625,0.448017
-4.414561,-1.401470,-2.130119,0.570717,1.967366,6.199388,-0.027218,0.356829,0.466761,-1.291531,-0.592638,0.447999
-4.414585,-1.401483,-2.130131,0.570657,1.967390,6.199376,-0.027214,0.356838,0.466748,-1.291611,-0.592657,0.447998
-4.414550,-1.401447,-2.130155,0.570705,1.967402,6.199364,-0.027222,0.356818,0.466753,-1.291536,-0.592692,0.448018
-4.414550,-1.401483,-2.130143,0.570693,1.967366,6.199412,-0.027224,0.356834,0.466745,-1.291597,-0.592637,0.448038
-4.414573,-1.401483,-2.130155,0.570669,1.967366,6.199388,-0.027216,0.356837,0.466739,-1.291630,-0.592639,0.448003
-4.414537,-1.401470,-2.130143,0.570705,1.967390,6.199400,-0.027228,0.356827,0.466750,-1.291560,-0.592669,0.448051
-4.414561,-1.401470,-2.130107,0.570705,1.967330,6.199400,-0.027216,0.356832,0.466765,-1.291544,-0.592601,0.447984
-4.414573,-1.401483,-2.130143,0.570717,1.967330,6.199388,-0.027213,0.356834,0.466747,-1.291579,-0.592604,0.447970
-4.414585,-1.401483,-2.130143,0.570693,1.967354,6.199412,-0.027211,0.356836,0.466745,-1.291608,-0.592603,0.448000
-4.414573,-1.401435,-2.130119,0.570717,1.967390,6.199400,-0.027211,0.356815,0.466773,-1.291497,-0.592639,0.448010
-4.414561,-1.401483,-2.130082,0.570669,1.967342,6.199376,-0.027220,0.356841,0.466769,-1.291557,-0.592628,0.447976
-4.414585,-1.401435,-2.130119,0.570669,1.967354,6.199400,-0.027206,0.356822,0.466771,-1.291556,-0.592606,0.447983
-4.414573,-1.401435,-2.130119,0.570705,1.967342,6.199364,-0.027209,0.356819,0.466773,-1.291508,-0.592623,0.447950
-4.414561,-1.401483,-2.130119,0.570681,1.967366,6.199364,-0.027221,0.356837,0.466755,-1.291571,-0.592657,0.447987
-4.414561,-1.401435,-2.130131,0.570705,1.967342,6.199388,-0.027213,0.356818,0.466768,-1.291525,-0.592617,0.447981
-4.414550,-1.401459,-2.130119,0.570705,1.967354,6.199424,-0.027221,0.356826,0.466764,-1.291544,-0.592614,0.448030
-4.414597,-1.401470,-2.130119,0.570681,1.967378,6.199400,-0.027207,0.356833,0.466759,-1.291577,-0.592619,0.447993
-4.414573,-1.401483,-2.130107,0.570681,1.967390,6.199388,-0.027218,0.356836,0.466759,-1.291565,-0.592653,0.448011
-4.414585,-1.401459,-2.130131,0.570669,1.967342,6.199352,-0.027208,0.356831,0.466757,-1.291578,-0.592629,0.447940
-4.414561,-1.401470,-2.130119,0.570681,1.967378,6.199412,-0.027220,0.356832,0.466759,-1.291572,-0.592636,0.448032
-4.414550,-1.401447,-2.130166,0.570693,1.967342,6.199388,-0.027218,0.356821,0.466748,-1.291582,-0.592631,0.448000
-4.414597,-1.401435,-2.130119,0.570693,1.967366,6.199388,-0.027202,0.356819,0.466772,-1.291528,-0.592613,0.447968
-4.414585,-1.401447,-2.130119,0.570669,1.967342,6.199376,-0.027207,0.356827,0.466767,-1.291563,-0.592612,0.447957
